bucket,produto_id,nome,tipo,descontinuado,controla_estoque,categoria_compras,items_nfe_matched,orfaos_token_match,vendas_total,vendas_90d,vendas_30d,qtd_vendida_30d,ultima_venda
DESCONTINUADO,db948dcc-f3b4-46f8-8365-e25eb7f00a52,* Excluído * Prato - 02,VENDA_SIMPLES,true,false,,0,0,0,0,0,0,
AUTO_NFE,f7fb760c-978c-477b-bca5-f0314d201a1a,Vinho Tinto Quanta Terra Grand Reserva portugues,VENDA_SIMPLES,false,true,,0,6,0,0,0,0,
NUNCA_VENDIDO,a98f924e-d8e6-48ba-bf7d-23a9c40afe02,Filezinho acebolado - Executivo,VENDA_SIMPLES,false,false,,0,0,0,0,0,0,
AUTO_NFE,ca884040-7c19-4260-9ba9-b26ae0421220,Vinho Tinto Escultor,VENDA_SIMPLES,false,true,,0,5,0,0,0,0,
DESCONTINUADO,40d75e6b-0bda-422a-9c0a-dffc8fe9b3ff,* Excluído * Vinho Rose EA,VENDA_SIMPLES,true,true,,0,5,0,0,0,0,
DESCONTINUADO,9cc699b5-9b06-4afd-b5c7-634f9e8d8cd2,* Excluído * Refrigerante evento,VENDA_SIMPLES,true,false,,0,0,0,0,0,0,
AUTO_NFE,2b2b3daa-b7d1-4a96-b376-c2eb197b04ab,cacau em po 70%,INSUMO,false,true,,0,1,0,0,0,0,
DESCONTINUADO,3927ac88-5c7d-4d9a-bb88-14b86d08b866,* Excluído * Prato - 15,VENDA_SIMPLES,true,false,,0,0,0,0,0,0,
AUTO_NFE,911bbe26-05b6-423d-b765-34d395cc9e5e,Blue Moon Long neck,VENDA_SIMPLES,false,true,,0,7,0,0,0,0,
AUTO_NFE,b9b79761-891b-4d9c-b2a7-2d96e72dc362,Rucula,INSUMO,false,true,,0,3,0,0,0,0,
NUNCA_VENDIDO,db6da07d-2902-4f30-937c-16062c224791,TACA DOIS AMORES,VENDA_SIMPLES,false,false,,0,0,0,0,0,0,
NUNCA_VENDIDO,eacc9f2b-c2fe-49a9-9817-0ce2e8a7e20d,TBONE CORDEIRO,INSUMO,false,true,,0,0,0,0,0,0,
NUNCA_VENDIDO,f56f1411-21f7-4e5b-8fde-678706795ee7,Demi glace,INSUMO,false,true,,0,0,0,0,0,0,
DESCONTINUADO,c5eab0bf-9f64-4e91-ad41-ed1cdf4c0403,* Excluído * Sururu,INSUMO,true,true,,0,0,0,0,0,0,
AUTO_NFE,bbf95422-b90d-419f-9f03-878274f93181,Vinho Tinto Esporao Colheita,VENDA_SIMPLES,false,true,,0,6,0,0,0,0,
AUTO_NFE,75973e40-3860-45c5-a2cb-84f9edf91980,Agua Panna sem gas 250ml,VENDA_SIMPLES,false,true,,0,22,0,0,0,0,
AUTO_NFE,a32947f5-14f0-42ae-a78d-68b8fb04d993,PALHA ITALIANA DE MANGABA,VENDA_SIMPLES,false,true,,0,1,0,0,0,0,
AUTO_NFE,24fa079e-71f2-4105-b907-1cbdb3ee7842,Agua Com Gas Minalba,VENDA_SIMPLES,false,true,,0,10,0,0,0,0,
AUTO_NFE,c82ebd29-9df3-43fa-921b-7d409bc4eee7,MONIN PARAGON RUE BERRY - Drink,VENDA_SIMPLES,false,false,,0,2,0,0,0,0,
AUTO_NFE,e2ab435e-0169-4417-b110-25a03989ab45,Salmão filetado (Gravad lax)100g,INSUMO,false,true,,0,8,0,0,0,0,
AUTO_NFE,d6356db0-a246-4af3-89ab-ca3403b2a36d,BITTER DE CACAU - Drink,INSUMO,false,true,,0,2,0,0,0,0,
DESCONTINUADO,aa2c2b56-345f-4910-adc3-64f1033b0cf6,* Excluído * Palha Italiana de Mangaba com Sorvete de tapioca e calda de Mangaba.,VENDA_SIMPLES,true,false,,0,6,0,0,0,0,
AUTO_NFE,6b799b46-b26b-4dcb-a0d6-a0252c54f4c6,Budweiser Long neck,VENDA_SIMPLES,false,true,,0,6,0,0,0,0,
AUTO_NFE,5da42bf0-690d-49e4-8058-fa35b5855878,Vermouth Cortezano Bianco 900ml,INSUMO,false,true,,0,3,0,0,0,0,
DESCONTINUADO,1ffac239-bbe4-4115-b283-38469d3759ef,* Excluído * Prato - 05,VENDA_SIMPLES,true,false,,0,0,0,0,0,0,
NUNCA_VENDIDO,f767508c-3832-40e6-be33-bef1c1e64e84,FAROFA DE CASTANHA,INSUMO,false,true,,0,0,0,0,0,0,
AUTO_NFE,ffce233b-d837-4c21-b525-bcf6032dc3f0,Peito de Frango - 150g,INSUMO,false,true,,0,11,0,0,0,0,
AUTO_NFE,9b916e68-fcd1-4f98-a2fb-21ff6ffa973d,PORCAO DE FILE,VENDA_SIMPLES,false,false,,0,9,0,0,0,0,
NUNCA_VENDIDO,86e124e9-efe9-456c-8822-b3374a63bd78,Lasanha,INSUMO,false,true,,0,0,0,0,0,0,
DESCONTINUADO,0de75ecd-20e5-47ce-9b9a-a0c26e9e7bfe,* Excluído * Uisque Macallan 18 anos,INSUMO,true,true,,0,0,0,0,0,0,
DESCONTINUADO,e3a52ca0-4093-4b80-9ce1-ceb1ce172443,* Excluído * Sururu,INSUMO,true,true,,0,0,0,0,0,0,
AUTO_NFE,e09a79a7-ad64-48d0-970b-c78b15d86971,Heineken 600 ml,VENDA_SIMPLES,false,true,Bebidas - Cervejas,0,2,0,0,0,0,
DESCONTINUADO,d5bba4eb-ce3d-4ea5-857a-05d140d3cef2,* Excluído * Evento alimentos,VENDA_SIMPLES,true,false,,0,0,0,0,0,0,
AUTO_NFE,7534993f-ea16-4c21-aaa9-d0048168c9c4,Filé Wellington - AVENIDA JOSE CARLOS SILVA,VENDA_SIMPLES,false,false,,0,9,0,0,0,0,
NUNCA_VENDIDO,e40bd3a0-f426-49b6-8158-ee7c21a88117,Seu Nelson,VENDA_SIMPLES,false,false,,0,0,0,0,0,0,
AUTO_NFE,a59aef9a-f754-4660-8ab1-5b79dfdf89f9,Gin Beefeater London dry 750ml garrafa,INSUMO,false,true,,0,15,0,0,0,0,
AUTO_NFE,c7a14f2b-89ee-41cb-9dc0-d94092af3e4a,Vinho Tinto Cartuxa Reserva 3 L,VENDA_SIMPLES,false,true,,0,6,0,0,0,0,
AUTO_NFE,8041bffc-0bc1-4d87-9f27-b75245902f83,Carpaccio - 60g,INSUMO,false,true,,0,1,0,0,0,0,
DESCONTINUADO,75c722e4-9efd-4e6c-baea-a1689ef63a63,* Excluído * Cafe,INSUMO,true,true,,0,1,0,0,0,0,
NUNCA_VENDIDO,f835d92f-fc8a-4de8-8fe6-e280e3332a97,FRAMBOESA,VENDA_SIMPLES,false,false,,0,0,0,0,0,0,
AUTO_NFE,92751958-c986-41d1-a136-6d676ac371fc,Entrada - Evento 06/11,VENDA_SIMPLES,false,false,,0,1,0,0,0,0,
DESCONTINUADO,84d34329-3d97-4e6a-a6ec-f0d6c30644e7,* Excluído * Rum Havana Club 3 anos - dose,VENDA_SIMPLES,true,false,,0,0,0,0,0,0,
DESCONTINUADO,f8111b7c-c747-4528-8e6c-aae20e9d8e0e,* Excluído * Rum Bacardi Carta Ouro 980ml - DUPLICADO,INSUMO,true,true,,0,2,0,0,0,0,
DESCONTINUADO,8d3f850f-7596-43d6-b4b7-7251c0c46aa8,* Excluído * PORCAO RISOTO DE GRANA PADANO,VENDA_SIMPLES,true,false,,0,0,0,0,0,0,
NUNCA_VENDIDO,3e2c678c-21ca-40a2-8b67-44a9e332e64b,Paloma,VENDA_SIMPLES,false,false,,0,0,0,0,0,0,
NUNCA_VENDIDO,82a9a568-17dd-43ed-b631-38f7f466e752,Macaxeira,INSUMO,false,true,,0,0,0,0,0,0,
AUTO_NFE,0bf4fa5b-184b-4253-85dc-89d50c61bf38,Vinho Tinto Marquesa de Alorna Grande Reserva,VENDA_SIMPLES,false,true,,0,8,0,0,0,0,
AUTO_NFE,77612574-389d-4646-81d2-9e052d5592e3,Smirnoff ice,VENDA_SIMPLES,false,true,,0,1,0,0,0,0,
NUNCA_VENDIDO,cb5c2171-1a91-4797-8d86-2561acc4b7c6,Champagne Dom Perignon 2013,VENDA_SIMPLES,false,true,,0,0,0,0,0,0,
NUNCA_VENDIDO,7d560470-c1f6-4f22-a77d-e8642811c333,Caju,INSUMO,false,true,,0,0,0,0,0,0,
AUTO_NFE,1502432d-65e1-433d-91a9-bb3818bf2ea3,Frango à parmegiana - Executivo,VENDA_SIMPLES,false,false,,0,6,0,0,0,0,
DESCONTINUADO,5db06863-6bf8-424c-bf3e-55d534745816,* Excluído * Prato - 10,VENDA_SIMPLES,true,false,,0,0,0,0,0,0,
NUNCA_VENDIDO,d72ad87b-1d15-4029-8b75-873c0fc0d04e,Espumante Jaume Serra Brut Rose,VENDA_SIMPLES,false,true,,0,0,0,0,0,0,
DESCONTINUADO,145c4e17-0687-4014-a590-fdb817af6b56,"* Excluído * Salada de filé, mix de folhas",VENDA_SIMPLES,true,false,,0,14,0,0,0,0,
AUTO_NFE,ff593d66-56a8-47e9-9b0c-ff22d2d9d9a8,Vermouth Cortezano - Garrafa,VENDA_SIMPLES,false,false,,0,1,0,0,0,0,
DESCONTINUADO,7425faa1-2644-471c-acbd-b0e152b7451d,* Excluído * Nori (Alga Marinha),INSUMO,true,true,,0,0,0,0,0,0,
AUTO_NFE,72e2f8be-4b44-493e-b7d8-6c692152f473,Sprite lata 350ml,VENDA_SIMPLES,false,true,,0,21,0,0,0,0,
AUTO_NFE,2fdd07a4-8b51-4fb6-aeb8-6a729405ba4a,Vinho Tinto Cabriolet Susana Esteban,VENDA_SIMPLES,false,true,,0,5,0,0,0,0,
AUTO_NFE,1f3366c0-37b1-4427-ae65-398d1b7f71ec,Espaguette ao pesto com burrata,VENDA_SIMPLES,false,false,,0,1,0,0,0,0,
AUTO_NFE,ede6b4ae-5b72-4177-896f-8f542d4bb23c,Salmão grelhado - Executivo,VENDA_SIMPLES,false,false,,0,4,0,0,0,0,
AUTO_NFE,34f2e4fd-0e48-477b-9dd6-3e876343777c,FUNDUTA DE QUEIJO,INSUMO,false,true,,0,8,0,0,0,0,
AUTO_NFE,41ec3bab-5e20-4034-90c0-3d178c4632ba,Filé de robalo grelhado - AVENIDA SANTOS DUMONT,VENDA_SIMPLES,false,false,,0,9,0,0,0,0,
DESCONTINUADO,33a8419a-192e-4a9a-a549-3ad17d49133b,* Excluído * Vinho Tinto La Rosa Douro,VENDA_SIMPLES,true,true,,0,5,0,0,0,0,
AUTO_NFE,b942a535-f094-4c7a-b699-68aeb5ef4e93,CHOPP 300ML,VENDA_SIMPLES,false,true,,0,8,0,0,0,0,
AUTO_NFE,89316392-75c8-419d-91c7-bd88baca1bd3,Cerveja Baden Cristal,VENDA_SIMPLES,false,true,,0,11,0,0,0,0,
NUNCA_VENDIDO,7495a076-7140-4b39-9457-6630a35963c3,Lasanha - AVENIDA HERMES FONTES,VENDA_SIMPLES,false,false,,0,0,0,0,0,0,
AUTO_NFE,9d90ddd0-4bf3-4833-9a28-0b9a82b30243,Cafe - (Sache descafeinado),INSUMO,false,true,,0,7,0,0,0,0,
AUTO_NFE,72848a16-3e61-4c35-8cb8-30cb3e2716e8,Queijo do Reino - 50g,INSUMO,false,true,,0,9,0,0,0,0,
AUTO_NFE,c2eff246-efb8-495d-b3fb-57832b75417d,Pato sobrecoxa,INSUMO,false,true,,0,4,0,0,0,0,
AUTO_NFE,be77ebec-8cec-4ea8-a757-3b89646c072d,Agua Panna sem gas 505ml,VENDA_SIMPLES,false,true,,0,13,0,0,0,0,
AUTO_NFE,0d0d6900-323d-4f61-917b-344bc31e1871,Vinho Branco Conde de Barcelos Verde,VENDA_SIMPLES,false,true,,0,17,0,0,0,0,
DESCONTINUADO,6c00d286-aead-4946-8738-f2ae869b99fc,* Excluído * Disco de Macaxeira (ver quantidade da unidade),INSUMO,true,true,,0,1,0,0,0,0,
DESCONTINUADO,dce155a2-ed96-44b4-8099-16989f45b31c,* Excluído * Lombo Salteado,VENDA_SIMPLES,true,false,,0,0,0,0,0,0,
NUNCA_VENDIDO,11f879a6-cc46-4423-ab26-cfa9e9e4f49d,TULIPAS MARINADAS,VENDA_SIMPLES,false,false,,0,0,0,0,0,0,
DESCONTINUADO,ce54652e-db6d-47ac-98c8-8df5eef5ecf2,* Excluído * Filé em cubos 120g,INSUMO,true,true,,0,9,0,0,0,0,
DESCONTINUADO,6ec68a37-925d-4013-83d0-ed05249795d4,* Excluído * GREMOLATA,INSUMO,true,true,,0,0,0,0,0,0,
NUNCA_VENDIDO,00d70770-43b2-46df-affa-7ead8f502390,Uisque Macallan 12 anos,INSUMO,false,true,,0,0,0,0,0,0,
AUTO_NFE,b358e79b-7c87-4d35-a8b9-359cfad39306,Tornedor 200g,INSUMO,false,true,,0,8,0,0,0,0,
AUTO_NFE,b9be9869-3baa-47ce-8ffb-807b2e71ddcc,Agua Tonica Schweppes,VENDA_SIMPLES,false,true,,0,13,0,0,0,0,
AUTO_NFE,4864042e-12da-415d-9262-b5500f29174a,Vinho Tinto Foral de Evora,VENDA_SIMPLES,false,true,,0,5,0,0,0,0,
AUTO_NFE,e8a884a9-388a-41ad-96c8-a71dad4c0af1,MINI POLVO GRELHADO-MOUNJARO,VENDA_SIMPLES,false,false,,0,1,0,0,0,0,
AUTO_NFE,7aa9242f-8e43-47e2-bf44-aef8be08410e,Vinho Tinto Pera Manca,VENDA_SIMPLES,false,true,,0,5,0,0,0,0,
NUNCA_VENDIDO,2e643a14-160d-4cb7-9751-307fd30ba33d,Polvo embrasado - AVENIDA DESEMBARGADOR MAYNARD,VENDA_SIMPLES,false,false,,0,0,0,0,0,0,
DESCONTINUADO,44af0c64-28cd-4411-aeea-415ce04586d5,* Excluído * arancini de rabada,VENDA_SIMPLES,true,false,,0,1,0,0,0,0,
AUTO_NFE,2534e8b3-36d7-4dda-b118-163599b2fe95,ESPUMA DE FRAMBOESA - Drink,INSUMO,false,true,,0,1,0,0,0,0,
AUTO_NFE,a688c5fa-e3d0-420a-a04a-04475bee8e6b,CHOPP 400ML,VENDA_SIMPLES,false,true,,0,6,0,0,0,0,
AUTO_NFE,4ff7d3fc-b31a-4104-8178-c05b5f719497,Vinho Branco Susana Esteban Tira o Veu,VENDA_SIMPLES,false,true,,0,14,0,0,0,0,
AUTO_NFE,a8661b9e-4329-46eb-9b86-a7f86cf61656,VODKA INFUSIONADA EM BAUNILHA - Drink,INSUMO,false,true,,0,3,0,0,0,0,
AUTO_NFE,268ec049-51ca-49f4-b648-cf87fe277763,MOLHO LAMBAO,INSUMO,false,true,,0,6,0,0,0,0,
DESCONTINUADO,f7bf7a2d-6526-4949-bb59-ae658091a380,* Excluído * Vinho Branco EA,VENDA_SIMPLES,true,true,,0,14,0,0,0,0,
AUTO_NFE,fd497007-1be1-46b1-bc5c-40bbbb85f413,Vinho Tinto Chateau de La Bouyere,VENDA_SIMPLES,false,true,,0,5,0,0,0,0,
AUTO_NFE,9eddc6dc-bdd9-4a3e-be80-ded8b673581a,Vinho Tinto Bourgogne Cote dOr Pinot Noir,VENDA_SIMPLES,false,true,,0,5,0,0,0,0,
AUTO_NFE,4ec78d5d-4b8c-490b-82c9-fed61b21b815,Vinho Tinto Chamine,VENDA_SIMPLES,false,true,,0,5,0,0,0,0,
AUTO_NFE,4920e18f-e677-4cd1-abf3-4da72c21ae7c,Agua Tonica Schweppes Sem acucar,VENDA_SIMPLES,false,true,,0,22,0,0,0,0,
DESCONTINUADO,bc44707c-36d0-42d3-b0bb-c5566fefdefc,* Excluído * Torradas,INSUMO,true,true,,0,0,0,0,0,0,
AUTO_NFE,9a087761-2123-4373-a804-9a3b1feadd8d,Vinho Branco Manoela Douro,VENDA_SIMPLES,false,true,,0,14,0,0,0,0,
AUTO_NFE,01e89991-6218-4477-bcd9-f4feac70a169,Vinho Tinto La Tour de Fontes,VENDA_SIMPLES,false,true,,0,5,0,0,0,0,
DESCONTINUADO,735ea723-6a4a-407b-a49f-7e4a6c68bd90,* Excluído * Sorvete de chocolate,INSUMO,true,true,,0,3,0,0,0,0,
AUTO_NFE,d0ee0b6d-e6a6-49ae-97ac-27485c267ff0,Guarana Antarctica lata Zero 350ml - Delivery,VENDA_SIMPLES,false,false,,0,26,0,0,0,0,
AUTO_NFE,c2b9e13d-3c54-4000-8475-4031c9f55a71,Vinho Rose Alorna Portas do sol,VENDA_SIMPLES,false,true,,0,5,0,0,0,0,
AUTO_NFE,2f74b93d-9041-4019-8e70-1aa907089ea0,Vinho Tinto Bacalhoa Merlot,VENDA_SIMPLES,false,true,,0,5,0,0,0,0,
DESCONTINUADO,35628dde-9f56-4bdc-bc5b-a4eaf5847d0f,* Excluído * Robalo de 200g,INSUMO,true,true,,0,8,0,0,0,0,
AUTO_NFE,efe89a40-6ccf-4c5c-a86c-4fce6181fdbd,Heineken Zero Long neck,VENDA_SIMPLES,false,true,,0,13,0,0,0,0,
AUTO_NFE,5364765a-b18a-431c-b552-43bea5763726,Agua Sem Gas Minalba,VENDA_SIMPLES,false,true,,0,13,0,0,0,0,
AUTO_NFE,f4a6dc3e-9eb9-4ae2-9e76-2346518373d5,Gin Monkey 47 Schwarzwald Dry garrafa 500ml,INSUMO,false,true,,0,15,0,0,0,0,
DESCONTINUADO,705a0b3b-3fd0-4c0b-80b8-3cfeec0e927c,* Excluído * Panqueca Brulee Zero Lactose,VENDA_SIMPLES,true,false,,0,5,0,0,0,0,
DESCONTINUADO,97577f10-1867-427a-97ed-2ace10a6add1,* Excluído * Licor 43 - dose,VENDA_SIMPLES,true,false,,0,3,0,0,0,0,
AUTO_NFE,a41bb74b-8747-4d88-a187-e047238aac44,Vinho Tinto Rio Sol SYRAH,VENDA_SIMPLES,false,true,,0,5,0,0,0,0,
AUTO_NFE,324fae00-3b27-4b61-b14d-bd4168d8d51d,Fettuccine ao pomodoro com camarões grelhados,VENDA_SIMPLES,false,false,,0,2,0,0,0,0,
DESCONTINUADO,de122c62-8281-4a27-89fe-6ef8f889134c,* Excluído * Carne e fritas,VENDA_SIMPLES,true,false,,0,2,0,0,0,0,
NUNCA_VENDIDO,841565e1-d6b9-41f4-bf4c-6258833c0289,Risoto all Mare - AVENIDA TANCREDO NEVES G,VENDA_SIMPLES,false,false,,0,0,0,0,0,0,
AUTO_NFE,ee1be8ce-2753-436c-9702-034229c0f86f,Mexilhão,VENDA_SIMPLES,false,false,,0,2,0,0,0,0,
DESCONTINUADO,144609e0-aa34-45b4-9cef-67496de932bb,* Excluído * Guaraná Antarctica 350ml,VENDA_SIMPLES,true,true,,0,19,0,0,0,0,
DESCONTINUADO,d8581e8c-d599-4646-bde3-d33c4b223d25,* Excluído * Soamar - Rua Aquidaba,VENDA_SIMPLES,true,false,,0,0,0,0,0,0,
NUNCA_VENDIDO,a93aa21d-cc44-4ee9-a039-176f431a3f08,RISOTO GRANA PADANO,VENDA_SIMPLES,false,false,,0,0,0,0,0,0,
AUTO_NFE,6c95a7e6-b918-483c-ac9a-879880621e55,agua teste consumer,VENDA_SIMPLES,false,false,,0,9,0,0,0,0,
DESCONTINUADO,348b60da-a952-447e-bf89-f69f2648f37e,* Excluído * Prato - 02,VENDA_SIMPLES,true,false,,0,0,0,0,0,0,
DESCONTINUADO,da260575-8c25-4c49-81a4-6f03349d26bf,* Excluído * Aperol Spritz - DUPLICADO,VENDA_SIMPLES,true,false,,0,2,0,0,0,0,
DESCONTINUADO,61b33147-4c71-4afe-8a6d-5bb0017764d2,* Excluído * Cogumelos Shitake e Shimeji,INSUMO,true,true,,0,4,0,0,0,0,
AUTO_NFE,d23c8d79-800e-4580-90a3-1fc7b9ca9c40,Uisque Black Label 1L,INSUMO,false,true,,0,4,0,0,0,0,
AUTO_NFE,4f0db131-c7c2-4139-b235-58728c4fc9d4,AZEITE TRUFADO,INSUMO,false,true,,0,4,0,0,0,0,
NUNCA_VENDIDO,36daa3bf-9cf2-4eb6-9627-52f86d37713d,CHIMICHURI,INSUMO,false,true,,0,0,0,0,0,0,
AUTO_NFE,bc9582c3-7e65-4e85-9543-8d455791a404,Goma de tapioca,INSUMO,false,true,,0,4,0,0,0,0,
AUTO_NFE,283ad922-5bcb-460e-8cd2-67670d49658c,Laranja,INSUMO,false,true,,0,2,0,0,0,0,
AUTO_NFE,fa9598e1-0955-47db-88c0-ecb1ebc5e195,Malibu 700ml,INSUMO,false,true,,0,2,0,0,0,0,
NUNCA_VENDIDO,7d4a31d3-c45e-4be2-afe4-f794d4ef727a,Tomate Crostine,INSUMO,false,true,,0,0,0,0,0,0,
DESCONTINUADO,ebd5b195-31a2-467c-af26-95e0017c4f95,* Excluído * Vinho Tinto Esporao Reserva,VENDA_SIMPLES,true,true,,0,7,0,0,0,0,
NUNCA_VENDIDO,e4036530-db32-45db-85c0-937d42403ca2,PICLES DE MAXIXE,INSUMO,false,true,,0,0,0,0,0,0,
NUNCA_VENDIDO,8fe43d54-620d-4e24-8808-a7c0d81135aa,trufas negras,INSUMO,false,true,,0,0,0,0,0,0,
AUTO_NFE,77897256-8640-46b1-bbf3-dc1b8c3929b4,Vinho Tinto Izadi Crianza,VENDA_SIMPLES,false,true,,0,5,0,0,0,0,
DESCONTINUADO,d300838b-ae7f-4cad-b028-664540d83ad9,* Excluído * Vodka Absolut - dose,VENDA_SIMPLES,true,false,,0,2,0,0,0,0,
NUNCA_VENDIDO,c5692da5-1a85-4b35-b120-563a1be6607c,Bruschetta - RUA ESTANCIA,VENDA_SIMPLES,false,false,,0,0,0,0,0,0,
NUNCA_VENDIDO,00c22a40-b30c-4f66-8568-996c80309d04,Nhoque de batatas aconpanhado de ragu de custela,VENDA_SIMPLES,false,false,,0,0,0,0,0,0,
NUNCA_VENDIDO,0baf48cf-af89-42f1-a274-8a8c9ca9f9ba,Couvert musical,VENDA_SIMPLES,false,false,,0,0,0,0,0,0,
DESCONTINUADO,44820038-de2a-49f8-aa68-fe7f7cd0d654,* Excluído * Lagosta grelhada,VENDA_SIMPLES,true,false,,0,0,0,0,0,0,
AUTO_NFE,ac9c047f-56fd-49dd-8e22-b344839978a3,XAROPE DE COCO - Drink,INSUMO,false,true,,0,3,0,0,0,0,
AUTO_NFE,ded3eaa2-b9b6-4b1c-8c59-70e33dddadb4,Vinho Tinto Rio Sol Cabernet Sauvignon SYRAH,VENDA_SIMPLES,false,true,,0,5,0,0,0,0,
NUNCA_VENDIDO,347d6a17-4960-4cdf-b2bd-742b0af11d65,Carré de cordeiro - AVENIDA AUGUSTO MAYNARD,VENDA_SIMPLES,false,false,,0,0,0,0,0,0,
AUTO_NFE,b08e29f8-444d-4e3c-aab9-34fa0a887118,Plástico filme médio,INSUMO,,true,Utensílios,0,2,0,0,0,0,
DESCONTINUADO,e52801db-b8b4-4f60-bd9a-0423ce8e9d0b,* Excluído * GIN INFUSIONADO GOIABA - Drink,INSUMO,true,true,,0,5,0,0,0,0,
NUNCA_VENDIDO,215397b3-de28-4fd5-afc5-5ab2303495fb,Seu Josias,VENDA_SIMPLES,false,false,,0,0,0,0,0,0,
DESCONTINUADO,fcd83914-fd22-495c-a2d2-1a36dcb5f77b,* Excluído * Tacos,VENDA_SIMPLES,true,false,,0,0,0,0,0,0,
AUTO_NFE,41ec2654-2558-4165-9d89-dbf6b73ae093,Vodka Absolut Elyx 750ml,INSUMO,false,true,,0,16,0,0,0,0,
AUTO_NFE,a82d39fd-38c5-48f1-81ca-f1d15bdee26c,BATATA GRATAN,VENDA_SIMPLES,false,false,,0,5,0,0,0,0,
AUTO_NFE,9c5d206f-d46b-4865-a827-37f3253fb3c4,Vinho Tinto Tres Bagos Reserva,VENDA_SIMPLES,false,true,,0,6,0,0,0,0,
NUNCA_VENDIDO,55375777-2de2-4d66-b02c-2a197685aabf,Fouet,INSUMO,,true,Utensílios,0,0,0,0,0,0,
AUTO_NFE,9aec036e-1f25-4378-840f-da73b721b314,Couvert musical  especial,VENDA_SIMPLES,false,false,,0,2,0,0,0,0,
DESCONTINUADO,94fe8d88-f7e1-4df9-b46f-263961739c1d,* Excluído * Espumante Moet & Chandon,VENDA_SIMPLES,true,true,,0,0,0,0,0,0,
NUNCA_VENDIDO,60c4080b-054c-46f9-8353-65381cd31174,Espumante Casa Perine Brut,VENDA_SIMPLES,false,true,,0,0,0,0,0,0,
AUTO_NFE,5fe40131-45b7-4dc2-9c9c-bb4264ce0981,Risoto de camarão com grana padano e perfume de tomate,VENDA_SIMPLES,false,false,,0,1,0,0,0,0,
AUTO_NFE,9a21bd29-7e83-412e-9870-638e343d9050,Chips de Batata Peruana Laranja (20 g),INSUMO,false,true,,0,7,0,0,0,0,
AUTO_NFE,f73d1447-6670-4ed9-81d1-9c10e903f818,Ciroc garrafa de 750ml,INSUMO,false,true,,0,15,0,0,0,0,
AUTO_NFE,f299b8dc-1865-40c7-9bf0-86fb1cd4f3f5,cream cheese,INSUMO,false,true,,0,3,0,0,0,0,
NUNCA_VENDIDO,a283305d-0c8d-4674-b48c-93bd6d35dc26,ouricuri,INSUMO,false,true,,0,0,0,0,0,0,
DESCONTINUADO,e0a1dc74-f510-409b-86c1-2334ba010600,* Excluído * Vinho Branco Portas do sol,VENDA_SIMPLES,true,true,,0,14,0,0,0,0,
AUTO_NFE,d875ce77-675e-476a-bc54-8b88924e6980,Vinho Tinto Touro Louco,VENDA_SIMPLES,false,true,,0,5,0,0,0,0,
AUTO_NFE,9714b412-e3f9-46ce-92f6-8e740f94381f,coco ralado fresco,INSUMO,false,true,,0,5,0,0,0,0,
DESCONTINUADO,ab75d8e8-5aee-4b5a-9229-065426557d3e,* Excluído * Bacon,INSUMO,true,true,,0,2,0,0,0,0,
NUNCA_VENDIDO,6879c8c7-884d-4a15-aad7-d117d0721f6f,canela em pó,INSUMO,false,true,,0,0,0,0,0,0,
AUTO_NFE,ae2172cf-7e55-412f-b1d3-91075a717e0a,Vinho Tinto Rizieri Barolo Silio Reserva,VENDA_SIMPLES,false,true,,0,6,0,0,0,0,
DESCONTINUADO,37c12f2b-2056-420c-9edf-c6c272ad8307,* Excluído * Rum Bacardi Carta Ouro 980ml,INSUMO,true,true,,0,2,0,0,0,0,
AUTO_NFE,a59b36e0-fe09-4047-84b3-2786d985d8ec,Cerveja Lagunitas 355 ml,VENDA_SIMPLES,false,true,,0,5,0,0,0,0,
NUNCA_VENDIDO,8e9c209c-11a9-4220-a051-f8d424bbf166,RISOTO DE COGUMELOS-MOUNJARO,VENDA_SIMPLES,false,false,,0,0,0,0,0,0,
AUTO_NFE,1dff5be7-cec6-466b-9d75-81bdeeaa18b6,CHEESE CAKE DE MARACUJA E CHOCOLATE,VENDA_SIMPLES,false,true,,0,7,0,0,0,0,
DESCONTINUADO,318b5050-3ace-4dc9-a473-25bb0b909177,* Excluído * Vinho Branco Lespinouse,VENDA_SIMPLES,true,true,,0,14,0,0,0,0,
AUTO_NFE,a6d171c2-798a-4b97-8f67-1d1f7355445c,TORNEDOR 200G,VENDA_SIMPLES,false,false,,0,8,0,0,0,0,
DESCONTINUADO,4be2c55a-cd3e-4417-986a-c54da625abd2,* Excluído * Campari Dose,VENDA_SIMPLES,true,false,,0,0,0,0,0,0,
AUTO_NFE,66f9e366-227d-4cb8-999f-5b0bd5d685f1,GELEIA DE PIMENTA,INSUMO,false,true,,0,1,0,0,0,0,
DESCONTINUADO,70c58886-df7c-4863-9eaf-463c1b629612,* Excluído * Castanha triturada,INSUMO,true,true,,0,0,0,0,0,0,
DESCONTINUADO,039a9589-c494-4ffc-8537-65252c50636d,* Excluído * Lagarto angus,INSUMO,true,true,,0,2,0,0,0,0,
NUNCA_VENDIDO,8dbd80a1-949e-40a7-ad07-cd6de2e81d12,CAMARÃO BRILHANTE,VENDA_SIMPLES,false,false,,0,0,0,0,0,0,
AUTO_NFE,2633bb04-349d-4cf4-877e-e1bb83cf7da1,Agua de Coco copo,VENDA_SIMPLES,false,false,,0,16,0,0,0,0,
DESCONTINUADO,13cf3927-5235-4f12-adb2-ef8677275e9e,* Excluído * Massa Rap10,INSUMO,true,true,,0,5,0,0,0,0,
AUTO_NFE,007b0e9b-c088-4a47-b0a0-7f50c4cf2321,PANQUECA BRULEE (ZERO LACTOSE),VENDA_SIMPLES,false,true,,0,5,0,0,0,0,
AUTO_NFE,caceb289-50be-4175-b2a8-18bd768a69c1,chivas regal 18 anos 750ml,INSUMO,false,true,,0,14,0,0,0,0,
AUTO_NFE,a4ddf613-060f-4cda-8286-9365dd614e8c,Vinho Tinto Amadeo Gran Reserva Malbec,VENDA_SIMPLES,false,true,,0,8,0,0,0,0,
AUTO_NFE,734c6ab5-d7ee-45d5-b327-0a244c49fd0c,PARAGON RUE BERRY - Drink,INSUMO,false,true,,0,1,0,0,0,0,
AUTO_NFE,f4d258fb-55a9-43bb-9e7d-5e6375e8c22b,Vermouth Dolin rouge 750ml,INSUMO,false,true,,0,14,0,0,0,0,
AUTO_NFE,922bd502-071b-4f1a-8812-9ebaa202d49e,Old parr garrafa 1L,INSUMO,false,true,,0,1,0,0,0,0,
AUTO_NFE,fc9db73e-7374-401c-abcf-e8932ad5e38f,PORCAO DE MASSA NERO,VENDA_SIMPLES,false,false,,0,6,0,0,0,0,
AUTO_NFE,1d799f51-a0d7-4a77-b877-3747534e12a5,Garrafa de Água de coco,INSUMO,false,true,,0,11,0,0,0,0,
DESCONTINUADO,aa71ac3c-e924-4094-9f00-3f5506c8a0a9,* Excluído * Sprite lata 350ml,VENDA_SIMPLES,true,true,,0,21,0,0,0,0,
AUTO_NFE,26a62601-a3b4-4a5d-9949-e8c8a32b74ee,chocolate branco,INSUMO,false,true,,0,11,0,0,0,0,
AUTO_NFE,4b6e6d8a-d6d6-460b-b464-46182f0b2c5c,Vinho Porto Valdouro 10 anos,INSUMO,false,true,,0,5,0,0,0,0,
AUTO_NFE,0b24fffa-0676-4303-a555-3acd682d0629,Vinho Tinto Cartuxa EA 375ml,VENDA_SIMPLES,false,true,,0,5,0,0,0,0,
AUTO_NFE,99052654-93ae-4749-b6fd-4d61547741a6,Expresso Com Leite,VENDA_SIMPLES,false,false,,0,14,0,0,0,0,
NUNCA_VENDIDO,8064272d-842d-407d-96c4-ae6f6ebd6c88,PRATO KIDS,VENDA_SIMPLES,false,false,,0,0,0,0,0,0,
AUTO_NFE,106f24c5-a4b0-426c-a958-91d9801e633c,Vinho Tinto MOB Gauve,VENDA_SIMPLES,false,true,,0,5,0,0,0,0,
AUTO_NFE,e0b186e4-4a54-4b31-9893-9f20bd7f2230,Queijo Brie,INSUMO,false,true,,0,10,0,0,0,0,
NUNCA_VENDIDO,2242747a-2c5d-4d83-8b72-234ebe25498e,T-BONE CORDEIRO,VENDA_SIMPLES,false,false,,0,0,0,0,0,0,
AUTO_NFE,2d3ac7fc-70a0-4443-a6b3-e419f398aad5,Farinha panko,INSUMO,false,true,,0,6,0,0,0,0,
AUTO_NFE,94faa5e3-5f71-4710-bd57-ac9f1f56a032,Mini Fondue  - RUA LARANJEIRAS,VENDA_SIMPLES,false,false,,0,1,0,0,0,0,
AUTO_NFE,4251fa09-9865-4122-a1b0-39a889a03a6a,Vinho Branco Alorna Portas do sol,VENDA_SIMPLES,false,true,,0,14,0,0,0,0,
AUTO_NFE,2dc323c7-7b96-4884-a5fb-9e57281b7e7c,oleo de soja,INSUMO,false,true,,0,6,0,0,0,0,
NUNCA_VENDIDO,66428f8d-672b-41b5-aa7f-78d1c60dcbb7,Uisque Bourbon JimBeam,INSUMO,false,true,,0,0,0,0,0,0,
DESCONTINUADO,374e05ff-7d5c-4dc2-80f1-aae3720c98af,* Excluído * Pão para hambúrguer com gergelim,INSUMO,true,true,,0,6,0,0,0,0,
DESCONTINUADO,59c637e2-0bbb-471c-97f5-151aafaed975,* Excluído * Carangueijo,INSUMO,true,true,,0,0,0,0,0,0,
AUTO_NFE,6aada19e-c799-4114-af53-2def60ee9c19,Peito de pato,INSUMO,false,true,,0,4,0,0,0,0,
AUTO_NFE,48cd54e5-8e66-4f55-9376-07c07cb27e12,XAROPE DE GENGIBRE  - Drink,INSUMO,false,true,,0,2,0,0,0,0,
AUTO_NFE,f7095533-e0ab-4a1b-9e70-c6e1f4a21865,Leite liquido,INSUMO,false,true,,0,13,0,0,0,0,
AUTO_NFE,dd418c25-e2a0-4901-84cb-14abb349c471,Vermouth Rosso punt e mes - Garrafa,VENDA_SIMPLES,false,false,,0,1,0,0,0,0,
DESCONTINUADO,04be9253-18e1-4f8b-9f78-0c42196e9ccf,* Excluído * Vinho Branco Cartuxa,VENDA_SIMPLES,true,true,,0,14,0,0,0,0,
AUTO_NFE,e6637551-d545-4d5e-9ac6-67fdb65c8483,Ovo,INSUMO,false,true,,0,4,0,0,0,0,
DESCONTINUADO,d8dfdd8d-fcca-4145-ba24-d8e193c78a85,* Excluído * Filé Salteado - AVENIDA BARAO DE MARUIM - DUPLICADO - DUPLICADO,VENDA_SIMPLES,true,false,,0,9,0,0,0,0,
AUTO_NFE,dfac0e68-d38c-4663-9379-a81421528474,Licor Fino Villa Massa Limoncello 700ml garrafa,INSUMO,false,true,,0,13,0,0,0,0,
AUTO_NFE,3c45e170-5b98-49a7-871e-7b32b0e5096d,Salmão grelhado - MOUNJARO,VENDA_SIMPLES,false,false,,0,4,0,0,0,0,
AUTO_NFE,8a95644b-9ac2-4333-a8b4-b187c760201d,BISCOITO AMANTEIGADO,INSUMO,false,true,,0,1,0,0,0,0,
AUTO_NFE,b2668b99-6864-4a00-9909-b11c549c3152,Vinho Porto Valdouro 10 anos,VENDA_SIMPLES,false,true,,0,5,0,0,0,0,
NUNCA_VENDIDO,a1f37d68-a832-4f50-b44e-5c22b077438d,VINAGRETE DE POLVO (SUGESTÃO CHEF),VENDA_SIMPLES,false,false,,0,0,0,0,0,0,
DESCONTINUADO,6fe465df-c10b-4229-a03a-1b6363e6d3e5,* Excluído * Brusquetas,VENDA_SIMPLES,true,false,,0,0,0,0,0,0,
NUNCA_VENDIDO,f49826e8-cc3d-4f41-bdcb-5e49fd5f629a,voucher comidas e bebidas,VENDA_SIMPLES,false,false,,0,0,0,0,0,0,
DESCONTINUADO,22960a73-4bc3-41e1-be30-dd37d70f8781,* Excluído * Tacos,VENDA_SIMPLES,true,false,,0,0,0,0,0,0,
AUTO_NFE,04567c60-dc8e-4d61-985c-c42f40571d4d,polpa maracuja,INSUMO,false,true,Confeitaria,0,2,0,0,0,0,
NUNCA_VENDIDO,c6ae6662-036b-48e1-95ef-f73f1e035007,Contagem antiga Polvo,INSUMO,false,true,,0,0,0,0,0,0,
DESCONTINUADO,06262053-9e5f-4fcf-9bec-33a4d90ab4aa,* Excluído * Vinho Tinto La Rosa Douro,VENDA_SIMPLES,true,false,,0,5,0,0,0,0,
AUTO_NFE,c8680e69-8122-4b37-9f09-ddebe648e68f,BATATA ESPECIAL TABUARA,VENDA_SIMPLES,false,false,,0,8,0,0,0,0,
AUTO_NFE,4a609dcf-7fce-4388-ab0c-f063d9047413,Vermumouth Bianco Carpano 950ml,INSUMO,false,true,,0,1,0,0,0,0,
NUNCA_VENDIDO,b36f3517-c33d-4029-be0c-0dbb560e1679,Caranguejo  - Porção (50g),INSUMO,false,true,,0,0,0,0,0,0,
AUTO_NFE,e449bcde-af6a-49c2-a697-92d90492d439,MAÇA VERDE,VENDA_SIMPLES,false,false,,0,3,0,0,0,0,
NUNCA_VENDIDO,92a29c04-72dd-475f-af48-94dfa0d545e2,Soda Italiana,VENDA_SIMPLES,false,false,,0,0,0,0,0,0,
DESCONTINUADO,f23b8129-d06e-4ef0-ad3f-3bb337bea04d,* Excluído * licor Cointreau - dose,VENDA_SIMPLES,true,false,,0,3,0,0,0,0,
AUTO_NFE,64b612bc-5dec-49fb-b718-c7ee4cfda7dd,Vinho Branco Bianco Puglia IGP,VENDA_SIMPLES,false,true,,0,15,0,0,0,0,
AUTO_NFE,be8a273c-ff91-4927-94a6-a1887be96e3b,Vinho Tinto Ricossa Asti DOCG barbera,VENDA_SIMPLES,false,true,,0,5,0,0,0,0,
DESCONTINUADO,4e0795d7-58d0-4e4a-b1fe-ddf7aa5e2ea2,* Excluído * Molho de queijo,INSUMO,true,true,,0,14,0,0,0,0,
AUTO_NFE,f4516f44-81e6-4491-95e1-efb739075ca4,Uisque Hibiki japan 700ml,INSUMO,false,true,,0,2,0,0,0,0,
DESCONTINUADO,a2d6dbea-d456-4427-a8d6-84f713514404,Evento 23/04/26 Bradesco Vida e previdencia,VENDA_SIMPLES,true,false,,0,2,0,0,0,0,
NUNCA_VENDIDO,cc11d458-42da-456b-9872-e45f29c42a61,Framboesa,INSUMO,false,true,,0,0,0,0,0,0,
AUTO_NFE,7e723c42-c1fc-42f3-bfce-9d5ec3b4d759,Vinho Branco Paulo laureano classico,VENDA_SIMPLES,false,true,,0,16,0,0,0,0,
AUTO_NFE,bd33ce2f-2372-48ec-a5fd-f9ed47dccd6f,Uisque Gold Label 750ml,INSUMO,false,true,,0,18,0,0,0,0,
AUTO_NFE,1d847fb0-2589-47c1-8853-88b77a14daac,Vinho Branco Meruge,VENDA_SIMPLES,false,true,,0,14,0,0,0,0,
AUTO_NFE,e2d9b7a3-2039-4838-8a7f-90196d08fe3b,Vinho Tinto Chateau Haut Vigneau,VENDA_SIMPLES,false,true,,0,5,0,0,0,0,
DESCONTINUADO,0705c7c9-008a-4e3d-99b7-4c03d84a441a,* Excluído * Açúcar,INSUMO,true,true,,0,8,0,0,0,0,
AUTO_NFE,c950d616-e9cc-4e48-b6d6-82495541e1cc,Vinho Tinto Savigny-Les-Beaune,VENDA_SIMPLES,false,true,,0,5,0,0,0,0,
AUTO_NFE,08ec58cc-418e-40b7-a3e6-b8fdf6533c23,Bacon - 50g,INSUMO,false,true,,0,2,0,0,0,0,
NUNCA_VENDIDO,df228472-4db4-4c8e-ade6-97f35780d03e,Champagne Veuve Clicquot Brut,VENDA_SIMPLES,false,true,,0,0,0,0,0,0,
DESCONTINUADO,ddccbd6a-070f-4bb9-bf66-851f4b8f95e7,* Excluído * Tapas,VENDA_SIMPLES,true,false,,0,0,0,0,0,0,
AUTO_NFE,3c45da8e-be0e-4991-be79-4fa0e57045f0,Xarope Monin Caramelo Salgado 700ml,INSUMO,false,true,,0,2,0,0,0,0,
AUTO_NFE,24c8bf0a-31f0-4628-87db-efa98cb09a09,Smirnoff 998ml,INSUMO,false,true,,0,1,0,0,0,0,
DESCONTINUADO,1e136b9d-3ee0-453a-bbfc-932f8e0cb47a,* Excluído * Saquê Mirin,INSUMO,true,true,,0,0,0,0,0,0,
AUTO_NFE,5c42567f-7419-48f6-b815-c806cd16bda8,Caipiroska com ciroc/absolut,VENDA_SIMPLES,false,false,,0,3,0,0,0,0,
DESCONTINUADO,6b1dbec8-e2ad-409b-9253-638d4e0eaac3,* Excluído * Folhada sergipana - Evento 23/05,VENDA_SIMPLES,true,false,,0,2,0,0,0,0,
DESCONTINUADO,2aa85bd4-6932-43b6-b820-7cef529906e7,* Excluído * Chiclete de camarão,VENDA_SIMPLES,true,false,,0,0,0,0,0,0,
DESCONTINUADO,b1fb863b-fa5a-4045-872b-04b6f252965c,* Excluído * Leite Ninho,INSUMO,true,true,,0,13,0,0,0,0,
AUTO_NFE,48daebc0-fb49-4a9f-a330-cafea869eda8,XAROPE DE ACUCAR - Drink,INSUMO,false,true,,0,10,0,0,0,0,
DESCONTINUADO,026a9b3e-7390-4778-9829-7082e1c86fdb,* Excluído * Vinho Royal Oporto 10 anos Tawny Porto - Taça,INSUMO,true,true,,0,5,0,0,0,0,
AUTO_NFE,46aaf0ed-0bdf-4b1f-9232-6dfb42603824,Molho de Tomate,INSUMO,false,true,,0,6,0,0,0,0,
AUTO_NFE,922ee525-ed5b-4d0f-8e01-d5204d67fc04,Porcao de Penne - 160g,INSUMO,false,true,,0,1,0,0,0,0,
AUTO_NFE,33aa3005-fad0-4c56-b05a-200f98893735,FOLHADA SERGIPANA,VENDA_SIMPLES,false,true,,0,2,0,0,0,0,
AUTO_NFE,6c73b182-fd95-4489-a5e9-3c88384e4c6d,Sobrecoxa de Frango - 200g,INSUMO,false,true,,0,18,0,0,0,0,
AUTO_NFE,9822698c-0a4f-41ba-80f7-0d97499b504c,Vinho Tinto Serras do Azeitao Bacalhoa,VENDA_SIMPLES,false,true,,0,5,0,0,0,0,
AUTO_NFE,696576ac-a275-4ad3-a7b1-9e79c36b9d84,Filé à parmegiana - Executivo,VENDA_SIMPLES,false,false,,0,9,0,0,0,0,
AUTO_NFE,db851914-86bb-4c2e-8c1c-655fd61d5d0b,Vinho Tinto Salbide Rioja Espanhol,VENDA_SIMPLES,false,true,,0,5,0,0,0,0,
AUTO_NFE,d9c5cc93-9fba-461a-bf70-793db80d0197,Mexilhao  - Porção (50g),INSUMO,false,true,,0,2,0,0,0,0,
NUNCA_VENDIDO,0d0fa1f0-287b-4925-9573-e8e0f57ef718,Seu Fonseca,VENDA_SIMPLES,false,false,,0,0,0,0,0,0,
AUTO_NFE,514cafbe-2b7a-446d-a1a4-a2d8cbc9c288,Agua Com Gas Presh,VENDA_SIMPLES,false,false,,0,10,0,0,0,0,
AUTO_NFE,77dcefc7-6acf-473b-9983-ac007006d6ca,Lillet Blanc 750ml,INSUMO,false,true,,0,14,0,0,0,0,
AUTO_NFE,81d2ca26-4119-4655-a433-3c6de973866b,H20 Limão,VENDA_SIMPLES,false,true,,0,1,0,0,0,0,
DESCONTINUADO,e609cad1-4a96-428c-b677-297bc5bae346,* Excluído * Vieira,INSUMO,true,true,,0,0,0,0,0,0,
NUNCA_VENDIDO,f0172a1e-8269-48a4-9313-f5dae0349e06,Prato Principal - Evento 06/11,VENDA_SIMPLES,false,false,,0,0,0,0,0,0,
AUTO_NFE,4a7cb3aa-f008-48bb-bf65-112ccca0dd3a,Picanha Steak 250g,INSUMO,false,true,,0,4,0,0,0,0,
AUTO_NFE,d391566d-58d4-43a8-b222-ccdf0b052af1,Salmao 200g,INSUMO,false,true,,0,12,0,0,0,0,
DESCONTINUADO,1f492d2e-a26f-4b0e-af85-437e24be210f,* Excluído * Calabresa,INSUMO,true,true,,0,3,0,0,0,0,
DESCONTINUADO,f9386272-edca-4847-9533-254b59aa1a65,* Excluído * Robalo grelhado no azeite com pure de banana da terra - Evento 23/05,VENDA_SIMPLES,true,false,,0,7,0,0,0,0,
AUTO_NFE,f74f1e30-879e-4b7e-a2f2-cb926bb57210,Salmão filetado - RUA ROSARIO DO CATETE,VENDA_SIMPLES,false,true,,0,4,0,0,0,0,
AUTO_NFE,c667847b-3cd9-44ae-819f-e3eec3fce628,Carne de sol de filé - Executivo,VENDA_SIMPLES,false,false,,0,11,0,0,0,0,
AUTO_NFE,a2990652-e295-493b-bb67-693dc9e300d5,UVAS SEM CAROÇO,INSUMO,false,true,,0,4,0,0,0,0,
DESCONTINUADO,de5e2c57-93a1-4312-bf92-11fba8d84684,* Excluído * Prato - 13,VENDA_SIMPLES,true,false,,0,0,0,0,0,0,
AUTO_NFE,d78d0b99-0364-4b1f-a33a-7d0a96e0ef99,Pão italiano (Mini fondue),INSUMO,false,true,,0,3,0,0,0,0,
AUTO_NFE,4624d79b-8a80-430d-ac0f-da30f181c734,Filé em cubos 120g,INSUMO,false,true,,0,9,0,0,0,0,
DESCONTINUADO,513bb1e8-c643-415a-9547-79b8ef7bc0c3,* Excluído * Prato - 11,VENDA_SIMPLES,true,false,,0,0,0,0,0,0,
NUNCA_VENDIDO,3744c0a6-da23-4d04-822c-88d64ef1a393,Oregano,INSUMO,false,true,,0,0,0,0,0,0,
DESCONTINUADO,0d1dfcc0-462e-4172-b918-d166a5cf5797,* Excluído * Carangueijo,INSUMO,true,true,,0,0,0,0,0,0,
NUNCA_VENDIDO,f2dbe045-e2f6-430d-bed9-f3037d2934da,PORCAO DE TORRADAS,VENDA_SIMPLES,false,false,,0,0,0,0,0,0,
DESCONTINUADO,fe95bdb1-41bd-4551-9eaa-928cf2271468,* Excluído * Ovo,INSUMO,true,true,,0,4,0,0,0,0,
AUTO_NFE,ee4fab5d-83c7-4d2e-989e-7423e49d2c61,BARCA DE SALMÃO,VENDA_SIMPLES,false,false,,0,4,0,0,0,0,
AUTO_NFE,ea22f210-4026-4a6a-8b38-c313a0c8cd3f,Vinho Tinto Rizieri Barbera Sbilauta,VENDA_SIMPLES,false,true,,0,5,0,0,0,0,
AUTO_NFE,4fe229c1-f1e4-4818-8932-6dce470f3167,CRUD DE LIMAO,INSUMO,false,true,,0,1,0,0,0,0,
DESCONTINUADO,5f96ef10-4e19-4080-b8d7-481c47fcf03f,* Excluído * Dadinho de tapioca,VENDA_SIMPLES,true,false,,0,4,0,0,0,0,
AUTO_NFE,c5457927-d440-4ba7-8d19-3a9538fcbd60,XAROPE DE FRAMBOESA - Drink,INSUMO,false,true,,0,2,0,0,0,0,
DESCONTINUADO,f2dcb172-a03b-4c65-b4dd-7fa7094417f6,* Excluído * Gin Monkey 47 Schwarzwald Dry - dose,VENDA_SIMPLES,true,false,,0,4,0,0,0,0,
AUTO_NFE,2eb4f240-3e7a-4ad7-b59c-0c9893fd0afb,Vinho Tinto Izadi El Regalo,VENDA_SIMPLES,false,true,,0,5,0,0,0,0,
AUTO_NFE,c87149ef-663a-43f3-8ec6-c8fd84ebd93a,Sumo de limao,VENDA_SIMPLES,false,false,,0,1,0,0,0,0,
AUTO_NFE,e6be3c99-0d6c-4815-b5d0-05b7ed0315db,Agua Com Gas indaia lata,VENDA_SIMPLES,false,true,,0,21,0,0,0,0,
AUTO_NFE,d61c6ea8-0e61-48db-ab69-535967616b99,Picanha C. Batatas Grat. - AVENIDA IVO DO PRADO,VENDA_SIMPLES,false,false,,0,3,0,0,0,0,
AUTO_NFE,d0763142-efce-4679-b1e8-ac10efc84350,Pote 1500ml,INSUMO,,true,Utensílios,0,4,0,0,0,0,
NUNCA_VENDIDO,4dc67ab0-6873-4f71-8c8c-c69cd1953585,xilitol,INSUMO,false,true,,0,0,0,0,0,0,
NUNCA_VENDIDO,80637310-4eba-47e3-b840-a05884729267,Rabo de Galo,VENDA_SIMPLES,false,false,,0,0,0,0,0,0,
DESCONTINUADO,df422e35-ba5d-4bb7-a1ae-f3700f52d73f,* Excluído * Uisque Bourbon JimBeam,INSUMO,true,true,,0,0,0,0,0,0,
AUTO_NFE,a2e8883b-0af6-4450-b887-8b204983d80a,AGUA TONICA,INSUMO,false,true,,0,12,0,0,0,0,
NUNCA_VENDIDO,94c27f0b-1726-4821-a06d-fa3ca09c0b5e,FAROFA DE ALHO,INSUMO,false,true,,0,0,0,0,0,0,
AUTO_NFE,5ce405bf-5c95-4f8e-8575-dd3fc9e6f2e3,Vinho P/ Cozinha,VENDA_SIMPLES,false,false,,0,6,0,0,0,0,
NUNCA_VENDIDO,f4b9dca2-6ef2-4b08-873a-6734d87b478a,Descafeinado,VENDA_SIMPLES,false,false,,0,0,0,0,0,0,
DESCONTINUADO,baa220f8-1613-42e1-b46d-f0363c1a0eaa,* Excluído * Gin Beefeater - dose,VENDA_SIMPLES,true,false,,0,4,0,0,0,0,
NUNCA_VENDIDO,25688503-e447-43ff-bb26-1dfbb466c016,chantily batido,INSUMO,false,true,,0,0,0,0,0,0,
NUNCA_VENDIDO,a61888ee-0646-42f6-b2dd-bb811ac38f55,Camarões empanado - RUA JOAO PESSOA,VENDA_SIMPLES,false,false,,0,0,0,0,0,0,
AUTO_NFE,574249e0-105a-4240-963e-ad62bb6337ee,Polvo por unidade,INSUMO,false,true,,0,4,0,0,0,0,
DESCONTINUADO,d6ba655f-163c-4978-bbc7-1ef479fa63a6,* Excluído * Vinho Branco Izadi EL Regalo,VENDA_SIMPLES,true,true,,0,14,0,0,0,0,
DESCONTINUADO,2f924778-6191-49f8-997e-56bb15ba17a7,* Excluído * Ajinomoto,INSUMO,true,true,,0,4,0,0,0,0,
DESCONTINUADO,545f49c9-b74e-4884-ab0e-78aae82be58c,* Excluído * Siri,INSUMO,true,true,,0,0,0,0,0,0,
AUTO_NFE,addbc3c5-7c28-4e08-a385-73a7038c18ed,Vinho Branco Quanta Terra,VENDA_SIMPLES,false,true,,0,14,0,0,0,0,
DESCONTINUADO,f5f5b34c-b386-4959-837e-c56f43e38c8c,* Excluído * Licor Peachtree - dose,VENDA_SIMPLES,true,false,,0,3,0,0,0,0,
AUTO_NFE,cf736943-c860-4161-824f-57d648e1251e,Vinho Tinto Rosso Puglia,VENDA_SIMPLES,false,true,,0,6,0,0,0,0,
AUTO_NFE,c145dcfc-d6b8-4801-837f-506561f62ab3,XAROPE DE CANELA - Drink,INSUMO,false,true,,0,2,0,0,0,0,
NUNCA_VENDIDO,4b2147bc-a5f2-4288-b5fe-f636ddeb64a5,SUGESTAO DO BARTENDER,VENDA_SIMPLES,false,false,,0,0,0,0,0,0,
AUTO_NFE,658c1213-0c88-4b2c-ad94-8e21806062ee,Vinho Tinto Finca Amadeo Malbec,VENDA_SIMPLES,false,true,,0,7,0,0,0,0,
DESCONTINUADO,330694a1-543c-4c1e-8dab-ad0f69d8a457,* Excluído * Camarão 61/70,INSUMO,true,true,,0,0,0,0,0,0,
AUTO_NFE,5a57a042-adbd-46b4-824f-24eee9311dcd,Arroz Branco 120g,INSUMO,false,true,,0,12,0,0,0,0,
DESCONTINUADO,f3bd7102-be1d-499c-95a9-37903a4d93eb,* Excluído * Orégano,INSUMO,true,true,,0,0,0,0,0,0,
DESCONTINUADO,03da4231-d83a-4aa9-99a3-fe4b1b2f4d6e,* Excluído * Queijadinha com morango,VENDA_SIMPLES,true,false,,0,1,0,0,0,0,
DESCONTINUADO,debbc013-6274-4c18-86d4-0d952e65e90b,* Excluído * Tartares,VENDA_SIMPLES,true,false,,0,0,0,0,0,0,
NUNCA_VENDIDO,a60d6aae-b617-4bb0-a8d2-d4aee9facd0d,Pé de galinha,INSUMO,,true,Proteína,0,0,0,0,0,0,
AUTO_NFE,554db280-d8ad-4e11-8947-3c18b126ab20,LIMAO TAHITI- Drink,INSUMO,false,true,,0,2,0,0,0,0,
AUTO_NFE,28d0ea1b-e1df-4fd1-97bc-e357aa6e2a67,Vinho Tinto Chateau La Courtiade Frances,VENDA_SIMPLES,false,true,,0,5,0,0,0,0,
NUNCA_VENDIDO,332cb9ce-cd2c-418b-935d-4936d15928bd,Alimentacao,VENDA_SIMPLES,false,false,,0,0,0,0,0,0,
DESCONTINUADO,4c66879b-8502-4d09-9e82-5aeb0f5ee068,* Excluído * Carppaccios,VENDA_SIMPLES,true,false,,0,0,0,0,0,0,
AUTO_NFE,98169b4c-9330-4790-b03f-d41e34fbe493,AGUA COM GAS PRESH,INSUMO,false,true,,0,10,0,0,0,0,
AUTO_NFE,bb9ab755-7606-4c24-8a65-4004c7a36e8e,Vinho Tinto Izadi Larrosa,VENDA_SIMPLES,false,true,,0,5,0,0,0,0,
AUTO_NFE,56109cde-a793-4824-858c-4c5d0a229064,Cerveja Baden IPA,VENDA_SIMPLES,false,true,,0,8,0,0,0,0,
DESCONTINUADO,9f4643c0-a535-44af-8728-67dbc35f6461,* Excluído * Azeitona,INSUMO,true,true,,0,0,0,0,0,0,
DESCONTINUADO,26ee6b9d-c4a8-4607-bfdc-bc1ccf1c7d8b,* Excluído * RUA AQUIDABA - DUPLICADO,VENDA_SIMPLES,true,false,,0,0,0,0,0,0,
DESCONTINUADO,45d2f95e-e044-4547-aad1-85ee4d523057,* Excluído * Pudim de Mangaba com Farofa de castanha,VENDA_SIMPLES,true,false,,0,1,0,0,0,0,
DESCONTINUADO,7fb54815-49c5-4c6c-b5b7-466273a2fc90,* Excluído * Trilogia do mangue,VENDA_SIMPLES,true,false,,0,0,0,0,0,0,
DESCONTINUADO,cf09de53-87a6-4411-b0e8-3581b70cb797,* Excluído * Tacos,VENDA_SIMPLES,true,false,,0,0,0,0,0,0,
AUTO_NFE,e84f9c86-588b-4418-b321-2d23f25f5b05,REDUCAO DE MARACUJA - Drink,INSUMO,false,true,,0,2,0,0,0,0,
NUNCA_VENDIDO,857b5fd9-dacd-4cfa-bdc6-5498527218bf,Manjericao,INSUMO,false,true,,0,0,0,0,0,0,
AUTO_NFE,6bf9f458-f243-4cde-b48b-22b0cd65d828,GIN INFUSIONADO EM FRAMBOESA - Drink,INSUMO,false,true,,0,5,0,0,0,0,
AUTO_NFE,05dfb555-237e-4010-8071-300b2104f4f6,H2O Limoneto,VENDA_SIMPLES,false,true,,0,1,0,0,0,0,
AUTO_NFE,e27d3165-f666-4689-95bc-f0e773eee8ad,Vinho Tinto Tapada do Chaves V. Velhas,VENDA_SIMPLES,false,true,,0,5,0,0,0,0,
DESCONTINUADO,b80a26c3-6c9d-485b-a660-cd945a8446d6,* Excluído * Espumante Casa Perine Brut 750ml,INSUMO,true,true,,0,14,0,0,0,0,
DESCONTINUADO,ca4174d2-b5ee-4ba8-a882-6e9c13626d04,* Excluído * Filé mignon,INSUMO,true,true,,0,9,0,0,0,0,
DESCONTINUADO,31867dc1-3efc-4ef7-960a-076e38ee123a,* Excluído * Ovo,INSUMO,true,true,,0,4,0,0,0,0,
NUNCA_VENDIDO,a38b978c-5e8e-4ad9-bd3e-86f347583a49,diferença de inventario,VENDA_SIMPLES,false,false,,0,0,0,0,0,0,
AUTO_NFE,f54b6cc0-33e4-43af-af06-e265db73c250,Vinho Tinto Don Luciano Reserva,VENDA_SIMPLES,false,true,,0,6,0,0,0,0,
AUTO_NFE,a83943fe-2924-4d04-be9d-8e6fdb33d65e,Vermouth rosso punt e mes 750ml,INSUMO,false,true,,0,14,0,0,0,0,
AUTO_NFE,30514e08-34e0-4773-9ae2-8770c1292b65,Coca-Cola Zero lata 350ml - Delivery,VENDA_SIMPLES,false,false,,0,26,0,0,0,0,
AUTO_NFE,88ffd094-48e6-417f-a9a7-3cce32f28fd9,Red Bull Tropical,VENDA_SIMPLES,false,true,,0,10,0,0,0,0,
NUNCA_VENDIDO,cc20e4f6-1333-45c9-853b-4139e3f3ec77,Chivas regal 12 anos 1L,INSUMO,false,true,,0,0,0,0,0,0,
NUNCA_VENDIDO,d4857390-e8ec-4ac1-b24c-fd70dd552f51,Tapas de camarão - RUA CAPELA,VENDA_SIMPLES,false,false,,0,0,0,0,0,0,
DESCONTINUADO,4c1273cc-9d0e-462d-bc93-8efffa0afc16,* Excluído * Chocolate,INSUMO,true,true,,0,3,0,0,0,0,
DESCONTINUADO,52efbac5-2f6e-40ea-8309-c73c0d41056d,* Excluído * Tequila Jose Cuervo Ouro (reposado) 750ml  garrafa,INSUMO,true,true,,0,17,0,0,0,0,
NUNCA_VENDIDO,51f439c1-e1a3-4420-b8fa-99d71f15f179,Aneis de Lula - Porção (50g),INSUMO,false,true,,0,0,0,0,0,0,
DESCONTINUADO,82330a88-543d-43a3-a11f-03c5a35dab69,* Excluído * Arancini camarao,VENDA_SIMPLES,true,false,,0,0,0,0,0,0,
AUTO_NFE,2ddab5f1-9a12-4362-8f9f-edfd966edb46,Vinho Tinto Paulo Laureano Bigode,VENDA_SIMPLES,false,true,,0,7,0,0,0,0,
DESCONTINUADO,0fc8fa0a-0b01-4604-bdff-3fca5fa675fd,* Excluído * Prato - 04,VENDA_SIMPLES,true,false,,0,0,0,0,0,0,
NUNCA_VENDIDO,5ac7cefa-055e-44d6-8fc7-7723929eb545,Camarões grelhados - Executivo,VENDA_SIMPLES,false,true,,0,0,0,0,0,0,
DESCONTINUADO,9a1242bb-b512-4d1f-ad87-556c96c92ff5,* Excluído * Ostra Gratinada,VENDA_SIMPLES,true,false,,0,0,0,0,0,0,
NUNCA_VENDIDO,ed689488-bee2-4880-b912-d4ab65e95c84,PORCAO DE PALMITO,VENDA_SIMPLES,false,false,,0,0,0,0,0,0,
AUTO_NFE,2d7353a6-ed0a-40d4-8283-b0a8c09a7d7c,Carpaccio - RUA AQUIDABA,VENDA_SIMPLES,false,false,,0,1,0,0,0,0,
NUNCA_VENDIDO,0c7d1f76-caac-4f87-8362-e16838784409,Aratu - Porção (50g),INSUMO,false,true,,0,0,0,0,0,0,
AUTO_NFE,0ce6721b-e411-494e-94ca-c698e4fcb362,ACEM OU COSTELA,INSUMO,false,true,,0,3,0,0,0,0,
AUTO_NFE,8fe24e28-96a3-4376-b2c0-0387b9e42a97,FILÉ MIGNON COM LEGUMES-MOUNJARO,VENDA_SIMPLES,false,false,,0,10,0,0,0,0,
DESCONTINUADO,9e0f3d4f-04ea-4487-91c0-b377c73c4d3b,* Excluído * Alface,INSUMO,true,true,,0,0,0,0,0,0,
AUTO_NFE,ab77113f-e0bc-4889-a5c9-d8a6bc87b570,Saco de porcionamento grande,INSUMO,,true,Utensílios,0,8,0,0,0,0,
DESCONTINUADO,18ea848e-0740-4c3a-b81d-176214c47237,* Excluído * Polvo,INSUMO,true,true,,0,0,0,0,0,0,
AUTO_NFE,9e027fda-c6b4-40a8-874d-6584642f78ba,Guarana Antarctica lata 350ml,VENDA_SIMPLES,false,true,,0,25,0,0,0,0,
DESCONTINUADO,6eaad1e3-9dd3-4f91-b886-2ab074d6b7e2,* Excluído * Arroz Japonês,INSUMO,true,true,,0,5,0,0,0,0,
AUTO_NFE,4ee1ed65-06b0-446e-83a7-733fd83c9eeb,Royal Salute 21 anos Azul 700ml,INSUMO,false,true,,0,3,0,0,0,0,
AUTO_NFE,b3dfd15b-b10a-4116-a83f-6f00192c552e,pure de batata doce,INSUMO,false,true,,0,8,0,0,0,0,
DESCONTINUADO,fb7f5fed-37d1-4f94-b109-f6b26dbd73fd,* Excluído * limao tahiti,INSUMO,true,true,,0,1,0,0,0,0,
AUTO_NFE,038e6597-d1ac-4d55-92a7-db7434b3261a,Vinho Tinto Paulo Laureano classico 375ml,VENDA_SIMPLES,false,true,,0,7,0,0,0,0,
DESCONTINUADO,2415fad5-be90-4c66-86da-cdd0fea2050d,* Excluído * Licor Villa Massa Limoncello - dose,VENDA_SIMPLES,true,false,,0,10,0,0,0,0,
AUTO_NFE,221e3157-daee-47ce-b62e-50f3f83026b3,Vinho Tinto Monte dos cabaços Colheita Selec,VENDA_SIMPLES,false,true,,0,5,0,0,0,0,
NUNCA_VENDIDO,1efc6455-39b1-4c51-9c39-76fadfad6026,CROTONS,INSUMO,false,true,,0,0,0,0,0,0,
DESCONTINUADO,41e08de8-34b5-41db-87cb-e73038087c76,* Excluído * Soamar - Sobremesa,VENDA_SIMPLES,true,false,,0,0,0,0,0,0,
NUNCA_VENDIDO,b7263908-9505-474c-9927-3420faba48f7,ACELGA,INSUMO,false,true,,0,0,0,0,0,0,
AUTO_NFE,aca8b6f8-2eea-4741-9176-55262c8ebf2b,Vinho Tinto Mayor de Castilla Reserva,VENDA_SIMPLES,false,true,,0,6,0,0,0,0,
AUTO_NFE,bbce56ab-4ae7-4715-bd1c-df3c455a1cbd,Licor Fino Amarula 750ml garrafa,INSUMO,false,true,,0,18,0,0,0,0,
NUNCA_VENDIDO,017ede39-965d-43ef-b4a3-0d45683f9821,QUEIJADINHA DO REI,VENDA_SIMPLES,false,true,,0,0,0,0,0,0,
AUTO_NFE,31eed47c-fd31-41aa-bdc3-5351477a3f16,Carne Do Sol C/ Biro,VENDA_SIMPLES,false,true,,0,2,0,0,0,0,
DESCONTINUADO,d9abf67c-8dab-4a5b-89b6-bf72c7fd7647,* Excluído * Presunto,INSUMO,true,true,,0,3,0,0,0,0,
NUNCA_VENDIDO,063e2c0d-9f84-41c6-8778-8bc79eb74f37,PICLES DE PEPINO,INSUMO,false,true,,0,0,0,0,0,0,
DESCONTINUADO,6a8e34cf-a297-483b-9db2-8ec3191b7e7b,* Excluído * Ostra,INSUMO,true,true,,0,0,0,0,0,0,
AUTO_NFE,9f5a2ab3-7a96-49d8-b7b4-0d1f063171a1,ENTREMET DE MARACUJA,VENDA_SIMPLES,false,false,,0,1,0,0,0,0,
NUNCA_VENDIDO,53deb93e-c410-4ec4-970b-58f4073f36b0,Uisque Macallan 15 anos,INSUMO,false,true,,0,0,0,0,0,0,
AUTO_NFE,81216594-4228-4f59-b5fe-f6c8996886df,Salada Vegetariana - RUA SAO JOSE,VENDA_SIMPLES,false,false,,0,1,0,0,0,0,
NUNCA_VENDIDO,c498a4e7-e8dc-4a9b-ba23-a83b24009ace,Domecq 1L,INSUMO,false,true,,0,0,0,0,0,0,
AUTO_NFE,f6ae14e9-89b8-4ebd-8f74-7b9c1129337c,Vinho Branco la Rosa Reserva,VENDA_SIMPLES,false,true,,0,15,0,0,0,0,
AUTO_NFE,2417a45e-8baa-4484-98c1-64665acc35a5,"Contagem antiga Catados (Aratu, carangueijo, siri) 150g",INSUMO,false,true,,0,3,0,0,0,0,
DESCONTINUADO,ff27380d-807d-43de-95e3-5a502b8df974,* Excluído * Prato - 10,VENDA_SIMPLES,true,false,,0,0,0,0,0,0,
AUTO_NFE,563a1988-a066-454f-b5bf-907346b49916,Vinho Branco Susana Esteban Vinyle,VENDA_SIMPLES,false,true,,0,14,0,0,0,0,
AUTO_NFE,f6c324bf-ef17-4fa8-bca4-2d15a8d5fb64,Corona Extra Long neck,VENDA_SIMPLES,false,true,,0,7,0,0,0,0,
DESCONTINUADO,5a876bd5-559e-4f2b-8c39-a4bac489b090,* Excluído * Heineken Long neck,VENDA_SIMPLES,true,true,,0,8,0,0,0,0,
AUTO_NFE,ed467c97-c57b-4959-a826-dc22f977f996,Cynar - Garrafa,VENDA_SIMPLES,false,false,,0,1,0,0,0,0,
DESCONTINUADO,a41bf058-1438-4fcd-bf8e-b1c252bd444e,* Excluído * Prato - 06,VENDA_SIMPLES,true,false,,0,0,0,0,0,0,
AUTO_NFE,f233675c-044d-4f20-a3ff-9d1a106fd764,Vinho Tinto Villa Antinori,VENDA_SIMPLES,false,true,,0,7,0,0,0,0,
DESCONTINUADO,ace241d1-2fef-4d79-81f8-fcf9cad44a40,* Excluído * Sal Refinado,INSUMO,true,true,,0,5,0,0,0,0,
AUTO_NFE,2a8af4db-7600-4c00-ae10-5bcd85a70ad2,CYNAR 900ml,INSUMO,false,true,,0,2,0,0,0,0,
NUNCA_VENDIDO,2e7e4c74-fd3d-4af3-a2fa-50ab9759df94,Rigatone a marguerita,VENDA_SIMPLES,false,false,,0,0,0,0,0,0,
AUTO_NFE,64d95892-3011-4621-a115-27b579c1ce04,CANELA - Drink,INSUMO,false,true,,0,1,0,0,0,0,
NUNCA_VENDIDO,64855f2b-8559-4f79-8f14-840ab2129ba2,Moscow Mule,VENDA_SIMPLES,false,false,,0,0,0,0,0,0,
NUNCA_VENDIDO,893e3046-5427-40ee-b77d-dfe02eb3b753,Torradas,INSUMO,false,true,,0,0,0,0,0,0,
NUNCA_VENDIDO,c544743a-4736-47f7-871c-1596aa2cae83,Fitzgerald,VENDA_SIMPLES,false,false,,0,0,0,0,0,0,
NUNCA_VENDIDO,c4e0ed1e-8f55-4bcb-908f-88f5743d10e2,Champagne Moet & Chandon,VENDA_SIMPLES,false,true,,0,0,0,0,0,0,
AUTO_NFE,a963c865-8519-442e-932c-cd68a5d3795d,Vinho Tinto Trinacria,VENDA_SIMPLES,false,true,,0,5,0,0,0,0,
AUTO_NFE,1d2d61e8-fae0-4c2d-924c-958971806aa4,Fanta Laranja  lata 350ml,VENDA_SIMPLES,false,true,,0,22,0,0,0,0,
AUTO_NFE,3bbb7d4c-4e69-4089-b414-35fe7506b8e0,PORCAO DE PURE DE BATATA INGLESA,VENDA_SIMPLES,false,false,,0,7,0,0,0,0,
AUTO_NFE,16817a72-df05-4d1e-b367-dfc5b1b809fb,Espátula de silicone,INSUMO,,true,Utensílios,0,1,0,0,0,0,
DESCONTINUADO,bce281d9-be69-48c0-b2b2-f06b71de3f01,* Excluído * Vinho Branco Flor de vetus,VENDA_SIMPLES,true,true,,0,14,0,0,0,0,
DESCONTINUADO,72b6f2f2-5596-4b28-aa89-cf082c1c2536,* Excluído * file ao pene,VENDA_SIMPLES,true,false,,0,9,0,0,0,0,
AUTO_NFE,6d5dfcb3-c659-47dd-8bb4-4c9441f1042d,Aperol 750ml,INSUMO,false,true,,0,14,0,0,0,0,
AUTO_NFE,796e0fbc-0cb1-4676-ab46-c93d54324126,Filé mignon ao molho demi-glace com risoto de funghi,VENDA_SIMPLES,false,false,,0,16,0,0,0,0,
DESCONTINUADO,fe2d3025-823c-470d-bdae-9a701f15760f,* Excluído * Licor Frangelico - dose,VENDA_SIMPLES,true,false,,0,3,0,0,0,0,
AUTO_NFE,7d63f32f-23ee-470b-938e-d963e9ee376e,Cogumelos Shitake e Shimeji,INSUMO,false,true,,0,4,0,0,0,0,
AUTO_NFE,18035691-b720-420e-9655-be278a4b74c4,Ypioca Palha reserva Ouro 965ml,INSUMO,false,true,,0,4,0,0,0,0,
AUTO_NFE,efdc8109-0c51-406a-b54f-4fc4db68636e,TORRADA DE PÃO PÓRTTUGUES  1,INSUMO,false,true,,0,1,0,0,0,0,
AUTO_NFE,9498fcc2-5190-45c1-90c3-cc5b36c11068,Heineken long neck,VENDA_SIMPLES,false,true,,0,8,0,0,0,0,
AUTO_NFE,e8990e33-4e89-478a-846f-d071cef0a8dc,Vinho Tinto Don Luciano Tempranillo 375ml,VENDA_SIMPLES,false,true,,0,5,0,0,0,0,
AUTO_NFE,a51daa9a-b6bc-4ae6-84f4-1bbc62f37513,Sake Gekkeikan 750ml,INSUMO,false,true,,0,14,0,0,0,0,
DESCONTINUADO,240e2073-9642-46d4-bf14-f519af6310e7,* Excluído * Batata palito,INSUMO,true,true,,0,5,0,0,0,0,
AUTO_NFE,b5ee7873-9268-467e-9fd3-a7269a2d93a7,Vinho Tinto Quinta do Noval Douro DOC Reserva,VENDA_SIMPLES,false,true,,0,6,0,0,0,0,
AUTO_NFE,2d2f19fd-3edb-4e8f-860d-583d7a7f9545,Batata frita (150 g),INSUMO,false,true,,0,5,0,0,0,0,
NUNCA_VENDIDO,ffd0fcc3-2b69-4c4e-9422-a5332d440b69,Caipirosca,VENDA_SIMPLES,false,false,,0,0,0,0,0,0,
AUTO_NFE,81bd7980-8116-4880-8ba3-0c31dced7508,Licor Fino 43 Diego Zamora 700ml garrafa,INSUMO,false,true,,0,6,0,0,0,0,
NUNCA_VENDIDO,3a2dc464-3666-43d4-aefe-cf4b8309647e,CORTESIA - ANIVERSARIO,VENDA_SIMPLES,false,true,,0,0,0,0,0,0,
NUNCA_VENDIDO,ccb99a4b-3076-40a3-bde9-3024d4d6ff7b,CARAMELO SALGADO,INSUMO,false,true,,0,0,0,0,0,0,
AUTO_NFE,efcdb036-ee58-49b2-af8f-bc5e1a67ce4a,SALMAO 100G,INSUMO,false,true,,0,8,0,0,0,0,
DESCONTINUADO,c557fc6b-9cfd-4d36-a574-3cd1754be6cf,* Excluído * Vodka Absolut Elyx - dose,VENDA_SIMPLES,true,false,,0,2,0,0,0,0,
NUNCA_VENDIDO,aae71437-e5e3-40de-9c86-8c8d3a6556ae,Palmito,INSUMO,false,true,,0,0,0,0,0,0,
AUTO_NFE,0c027c24-4794-430d-b1c3-50a95538d1a4,Vermouth Dolin rouge- Garrafa,VENDA_SIMPLES,false,false,,0,1,0,0,0,0,
NUNCA_VENDIDO,76178405-a931-41ea-805e-9a30031737b0,Contagem antiga Disco de Macaxeira,INSUMO,false,true,,0,0,0,0,0,0,
AUTO_NFE,d5af5625-30f0-4178-8be7-ffd0227ab10e,Vinho Tinto Cartuxa EA,VENDA_SIMPLES,false,true,,0,5,0,0,0,0,
DESCONTINUADO,d5ec6c07-3204-48c1-b8b2-9c01bc203b7a,* Excluído * Vinho Tinto Nicola Catena,VENDA_SIMPLES,true,false,,0,5,0,0,0,0,
DESCONTINUADO,2aaf6661-f5b7-4940-aa46-793b26476314,* Excluído * Abacaxi,INSUMO,true,true,,0,0,0,0,0,0,
AUTO_NFE,c29ffbdc-efda-4e23-9368-43991f657fe5,AGUA COM GAS PERRIE,VENDA_SIMPLES,false,true,,0,10,0,0,0,0,
DESCONTINUADO,8cc61e18-448a-4487-8c5d-fd6c3c0abd7d,* Excluído * Tapioca fina,INSUMO,true,true,,0,4,0,0,0,0,
AUTO_NFE,3d294878-9900-4e20-8c22-18d472eb3198,Vinho Tinto Paya Malbec,VENDA_SIMPLES,false,true,,0,7,0,0,0,0,
DESCONTINUADO,72ed8e5a-287f-4782-8b36-e2f39ffb38bf,* Excluído * Molho Crostine,INSUMO,true,true,,0,6,0,0,0,0,
DESCONTINUADO,1e8463f8-28ed-4711-a342-2a3d12dbbc2d,* Excluído * Sorvete por Quilo,VENDA_SIMPLES,true,false,,0,3,0,0,0,0,
DESCONTINUADO,e4e93614-129e-47b9-9370-d79ed2414e33,* Excluído * Prato - 09,VENDA_SIMPLES,true,false,,0,0,0,0,0,0,
AUTO_NFE,28fc6a1a-b541-450f-a9ea-74e1b4ed0ea3,Vinho Tinto Paulo Laureano Classico Portugues 750ml,VENDA_SIMPLES,false,true,,0,16,0,0,0,0,
AUTO_NFE,01acc2c6-e9b2-4401-8926-cbee2c828753,LIMÃO SICILIANO,INSUMO,false,true,,0,1,0,0,0,0,
DESCONTINUADO,cc5bf2ab-58c4-4ab8-91b0-0a4594165af6,* Excluído * Azeitona Preta,INSUMO,true,true,,0,6,0,0,0,0,
AUTO_NFE,f830df79-fd50-44ad-aa57-4d6a69223c94,Vinho Tinto Pintas Character,VENDA_SIMPLES,false,true,,0,5,0,0,0,0,
NUNCA_VENDIDO,370e44d4-5a43-4878-b36a-9330d939307b,Seu Juca Leo,VENDA_SIMPLES,false,false,,0,0,0,0,0,0,
AUTO_NFE,c6f8cff5-26ec-4862-9268-f83801fa1a99,Vinho Tinto Condor Cabernet Sauvignon,VENDA_SIMPLES,false,true,,0,6,0,0,0,0,
DESCONTINUADO,1d7c8a02-35ce-4b26-9187-716bc7a79e8a,* Excluído * fettutinne com camarao,VENDA_SIMPLES,true,false,,0,1,0,0,0,0,
DESCONTINUADO,918e70fb-4e64-40fb-be6b-12c21da6d5b2,* Excluído * Catupiry,INSUMO,true,true,,0,0,0,0,0,0,
AUTO_NFE,d3cbfdb5-1252-4266-95c2-8ca4972e7b47,taça vinho tinto,VENDA_SIMPLES,false,false,,0,5,0,0,0,0,
AUTO_NFE,9fdb1e6a-839b-4cd0-9aaa-12a94bd14a27,Vinho Tinto Rizieri Barbera dalba Superiore,VENDA_SIMPLES,false,true,,0,5,0,0,0,0,
DESCONTINUADO,2fdf84e1-2c60-4d7b-98e2-bf558de69eb2,* Excluído * Prato - 12,VENDA_SIMPLES,true,false,,0,0,0,0,0,0,
AUTO_NFE,e76445fe-be32-433e-88a6-dd32242682a0,Vinho Tinto Amadeo Cabernet Sauvignon,VENDA_SIMPLES,false,true,,0,5,0,0,0,0,
AUTO_NFE,9ea464ad-e82d-4473-9960-670b7e7b366d,Vinho Branco Tapada do Chaves,VENDA_SIMPLES,false,true,,0,14,0,0,0,0,
DESCONTINUADO,4d07a301-befb-4412-8130-2621a9406421,* Excluído * Vinho Tinto Barbera dalba Sbilauta,VENDA_SIMPLES,true,true,,0,5,0,0,0,0,
DESCONTINUADO,d21d3d06-3130-42bb-bcc8-0eec7c705090,* Excluído * Prato - 11,VENDA_SIMPLES,true,false,,0,0,0,0,0,0,
AUTO_NFE,b96e9dc0-dc5c-42f1-9704-c0601ea02b1b,Salmao em Cubos 120g,INSUMO,false,true,,0,4,0,0,0,0,
DESCONTINUADO,a28171e3-3fef-4a60-b7a9-2450e5518c5a,* Excluído * Whisky Chivas regal 12 anos 1 L,INSUMO,true,true,,0,0,0,0,0,0,
NUNCA_VENDIDO,2e71762f-0f1e-4238-8497-e2e41bf434be,Seleta Prata 1L,INSUMO,false,true,,0,0,0,0,0,0,
AUTO_NFE,25b81996-f9f8-4cce-8436-dffaeb68ef48,Dadinho de tapioca - RUA ITAPORANGA,VENDA_SIMPLES,false,false,,0,4,0,0,0,0,
AUTO_NFE,d753d3ec-9263-402d-a6f5-f644f851f344,Vinho Branco Villa Antinori,VENDA_SIMPLES,false,true,,0,16,0,0,0,0,
AUTO_NFE,0835fe91-64cf-4e81-84a5-182830847ca5,licor Fino Cointreau Laranja 700ml garrafa,INSUMO,false,true,,0,8,0,0,0,0,
AUTO_NFE,86d07cce-1977-460a-b374-70294b02f91f,COCA LATA ZERO,VENDA_SIMPLES,false,true,,0,19,0,0,0,0,
DESCONTINUADO,a859b55f-6f8b-47e5-98c4-9b02bc0402f5,* Excluído * Tequila Jose Cuervo Prata - dose,VENDA_SIMPLES,true,false,,0,0,0,0,0,0,
NUNCA_VENDIDO,8b6d870d-3429-4980-9134-1e195bcb2bc8,ESPUMA DE ABOBORA,INSUMO,false,true,,0,0,0,0,0,0,
AUTO_NFE,9f10608f-36c4-4213-bd6e-97cacbe76300,Vinho Branco Marquesa de alorna grande reserva,VENDA_SIMPLES,false,true,,0,15,0,0,0,0,
DESCONTINUADO,9d9cd5a8-d25b-4811-87b3-1627826fadf8,* Excluído * Prato - 05,VENDA_SIMPLES,true,false,,0,0,0,0,0,0,
AUTO_NFE,d66f6edb-3e66-4ff4-a70c-8aacb2172c11,Vinho Tinto .COM Premium,VENDA_SIMPLES,false,true,,0,11,0,0,0,0,
AUTO_NFE,ef7d17f7-99e9-483b-b016-8bea27dfc19f,Peito de frango grelhado - Executivo,VENDA_SIMPLES,false,false,,0,8,0,0,0,0,
NUNCA_VENDIDO,49eaf4ba-9b6b-4f77-8b49-b74e7f4ea148,Champagne Jules Pierlot Brut,VENDA_SIMPLES,false,true,,0,0,0,0,0,0,
AUTO_NFE,1f955024-e04f-4a01-9420-a2d45eea1ede,CORDIAL DE CAPIM SANTO - Drink,INSUMO,false,true,,0,1,0,0,0,0,
DESCONTINUADO,b1fdd3f9-3a26-498b-8fd1-e0999a53912c,* Excluído * Xarope de Canela,INSUMO,true,true,,0,1,0,0,0,0,
AUTO_NFE,22420f80-66b0-4b07-b69d-c57c061b9786,Vinho Tinto Primitivo IGP,VENDA_SIMPLES,false,true,,0,5,0,0,0,0,
AUTO_NFE,adfde513-494a-43e7-a475-6663d7e2914d,Vinho Branco Amadeo chardonnay,VENDA_SIMPLES,false,true,,0,14,0,0,0,0,
AUTO_NFE,85130314-5a4a-483d-9a90-0c43796a5825,Chips de Batata Peruana Roxa (20 g),INSUMO,false,true,,0,5,0,0,0,0,
AUTO_NFE,c7dd2be6-5d1e-47b8-b8c0-25f1296391b7,Vinho Branco Flor de vetus,VENDA_SIMPLES,false,true,,0,14,0,0,0,0,
DESCONTINUADO,41b9036b-4526-4bab-82df-4b078214ccec,* Excluído * Massa Nero,INSUMO,true,true,,0,6,0,0,0,0,
AUTO_NFE,23dc984e-032e-4be8-8668-05fe486264cf,queijo do reino,INSUMO,false,true,,0,9,0,0,0,0,
DESCONTINUADO,317a459d-e06d-40c1-b2ff-d00ad82a6730,* Excluído * Farinha panko,INSUMO,true,true,,0,6,0,0,0,0,
DESCONTINUADO,344bcfe1-b034-4e72-a107-877cfcd9f07d,* Excluído * Prato - 04,VENDA_SIMPLES,true,false,,0,0,0,0,0,0,
DESCONTINUADO,14daa9d0-31fb-4450-9396-edcab3983640,* Excluído * Ypioca Palha reserva Ouro 965ml,INSUMO,true,true,,0,4,0,0,0,0,
DESCONTINUADO,cd296cb4-9b82-406e-a8bf-e27f3557eea4,* Excluído * Fermento Químico em Pó,INSUMO,true,true,,0,1,0,0,0,0,
AUTO_NFE,402f3816-5469-43ab-9b4b-9240d7daf253,Vinho Branco Esporao Monte Velho,VENDA_SIMPLES,false,true,,0,15,0,0,0,0,
NUNCA_VENDIDO,0315de8b-4e12-4c27-b624-7447e7a3c90a,GREMOLATA,INSUMO,false,true,,0,0,0,0,0,0,
AUTO_NFE,ddf06173-8802-4388-80bf-26f4489fd8fa,Maria Guarda garrafa de 750ml - Prata Amburana,INSUMO,false,true,,0,15,0,0,0,0,
NUNCA_VENDIDO,1cb6c79a-6839-44a4-ad82-350f64020cf5,Sobremesa - Evento 06/11,VENDA_SIMPLES,false,false,,0,0,0,0,0,0,
AUTO_NFE,d5a7d00d-4730-4929-8ee4-e5f9600266f3,Licor Fino Peachtree 700ml garrafa,INSUMO,false,true,,0,6,0,0,0,0,
AUTO_NFE,74af1b8c-7fc5-4fd3-a6e4-2ed9431dd3cb,Vinho Tinto Esporao Reserva,VENDA_SIMPLES,false,true,,0,7,0,0,0,0,
NUNCA_VENDIDO,65b0e7f2-5cff-4bb8-80cd-18cb9432e162,BOLINHO DE MOQUECA,VENDA_SIMPLES,false,false,,0,0,0,0,0,0,
DESCONTINUADO,878be5d5-18c6-4bea-bd2e-f11424fb0348,* Excluído * TACA DOIS AMORES,VENDA_SIMPLES,true,false,,0,0,0,0,0,0,
DESCONTINUADO,6efbd93c-f5a4-483b-bd03-b53fa43ae509,* Excluído * Vinho Royal Oporto 10 anos Tawny Porto - taça,VENDA_SIMPLES,true,true,,0,5,0,0,0,0,
AUTO_NFE,e96d457b-d3de-4450-968f-559b477a7203,TORTINHA DE CHOCOLATE,VENDA_SIMPLES,false,true,,0,3,0,0,0,0,
DESCONTINUADO,88102102-969f-438d-9a73-c8df83238bb6,* Excluído * Prato - 08,VENDA_SIMPLES,true,false,,0,0,0,0,0,0,
AUTO_NFE,8c340959-439c-4675-8a4c-4b5908039c52,Red Bull,VENDA_SIMPLES,false,true,,0,9,0,0,0,0,
AUTO_NFE,852a1ba1-fcea-4991-8f85-ad178cf87af0,Cachaça Bananinha 500ml,INSUMO,false,true,,0,10,0,0,0,0,
AUTO_NFE,7b7e37d6-566d-4cb3-885c-8bd509f506b2,(BOLA) SORVETE DE TAPIOCA,VENDA_SIMPLES,false,false,,0,4,0,0,0,0,
NUNCA_VENDIDO,9daeacee-b176-4d99-aff8-bca26687333b,PORCAO DE LEGUMES SALTEADOS,VENDA_SIMPLES,false,false,,0,0,0,0,0,0,
NUNCA_VENDIDO,2d0dda5f-07d2-4ce2-95f1-e0b93fb24b7b,Abacaxi,INSUMO,false,true,,0,0,0,0,0,0,
AUTO_NFE,fcdb9880-4ef6-4278-a44d-cd4081b2baac,FRUTAS VERMELHAS,VENDA_SIMPLES,false,false,,0,1,0,0,0,0,
NUNCA_VENDIDO,93408957-7e8b-4d0c-860e-bf0a25f7bf7f,Espumante Salton Brut,VENDA_SIMPLES,false,true,,0,0,0,0,0,0,
AUTO_NFE,265e0f7b-241c-42f6-a58c-00ea6d346ea6,Barbecue,INSUMO,false,true,,0,2,0,0,0,0,
DESCONTINUADO,f5af8115-a5cd-4d64-b9de-921bbf62251f,* Excluído * Brownie de Batata-doce,VENDA_SIMPLES,true,false,,0,6,0,0,0,0,
AUTO_NFE,b86290e3-9f95-4af8-bee1-6803e920e24f,Pure de Batata inglesa - 120g,INSUMO,false,true,,0,7,0,0,0,0,
AUTO_NFE,b3cbd71b-54b3-4cf8-9360-f1aaa538f44e,Vinho Tinto Luigi Bosca Malbec,VENDA_SIMPLES,false,true,,0,7,0,0,0,0,
AUTO_NFE,f22abe3c-446e-4800-89e0-00a73c3d0479,Picanha C. Disco de Macax. - RUA SAO CRISTOVAO,VENDA_SIMPLES,false,false,,0,4,0,0,0,0,
AUTO_NFE,be9a81bb-b64a-4b68-8742-3ac912aa52d0,BOLO DE COCO COM SORVETE DE TAPIOCA,VENDA_SIMPLES,false,true,,0,6,0,0,0,0,
AUTO_NFE,2af407d2-0df9-4da4-a408-a3aee4c5814d,mix de frutas vermelhas,INSUMO,false,true,Confeitaria,0,6,0,0,0,0,
AUTO_NFE,3ab8a968-76f0-42ac-ba24-1cffbedabeb2,Royal Charlotte 700ml,INSUMO,false,true,,0,3,0,0,0,0,
AUTO_NFE,026befa9-4b9d-444d-93b0-c8bedcfe5728,Xarope de Baunilha,INSUMO,false,true,,0,1,0,0,0,0,
DESCONTINUADO,394441fa-798f-4553-955a-95ffefaaf800,* Excluído * Prato - 16,VENDA_SIMPLES,true,false,,0,0,0,0,0,0,
AUTO_NFE,40290234-6a32-44d0-b1c2-d810bacdbb84,Vinho Rose Quinta da alorna colheita,VENDA_SIMPLES,false,true,,0,5,0,0,0,0,
NUNCA_VENDIDO,ea670048-82da-48fe-a212-2d8964a0c3cb,Expresso,VENDA_SIMPLES,false,false,,0,0,0,0,0,0,
DESCONTINUADO,2a20c4f6-1227-44a6-ba82-5c7d7fd17cda,* Excluído * Esfera de Mangaba com Farofa de Castanha de caju,VENDA_SIMPLES,true,false,,0,1,0,0,0,0,
DESCONTINUADO,aaac02aa-108e-4278-901f-e3c55534a42d,* Excluído * Prato - 12,VENDA_SIMPLES,true,false,,0,0,0,0,0,0,
DESCONTINUADO,62c3209c-496e-4e95-92da-ad8ced0802b6,* Excluído * Batata Frita Tradicional,VENDA_SIMPLES,true,false,,0,6,0,0,0,0,
AUTO_NFE,95214158-749a-4b4e-b868-4afe08bf96c7,Porção  - Costelinha suina (300 g),INSUMO,false,true,,0,4,0,0,0,0,
AUTO_NFE,e7541a25-6531-4ab9-ad92-31529a7a413b,Pure de mandioquinha,INSUMO,false,true,,0,2,0,0,0,0,
AUTO_NFE,30688e36-2eda-4642-a58c-d7371ec6bdf5,Escalope 100g,INSUMO,false,true,,0,4,0,0,0,0,
DESCONTINUADO,ef6a8ac8-e6fa-4702-8692-947aa97a6f0f,* Excluído * Filé mignon,INSUMO,true,true,,0,9,0,0,0,0,
NUNCA_VENDIDO,474bbba3-bae9-46ca-aeb1-5bcf6c7267d9,Espumante Jaume Serra Brut,VENDA_SIMPLES,false,true,,0,0,0,0,0,0,
AUTO_NFE,0d1b6758-602a-4d07-87c2-21167265ce3f,Salada File Mix de Folhas - RUA SAO PAULO,VENDA_SIMPLES,false,false,,0,17,0,0,0,0,
NUNCA_VENDIDO,e6c9b9de-74c6-41d0-8be8-bfeeb829aafb,Triologia do Mangue - RUA BOQUIM,VENDA_SIMPLES,false,false,,0,0,0,0,0,0,
DESCONTINUADO,7d3920dd-5ccc-4ee3-97d1-dd4c2b7b1d8c,* Excluído * Queijo prato fatia,INSUMO,true,true,,0,8,0,0,0,0,
DESCONTINUADO,4f05d7a4-0df7-4421-82ee-b9240927447c,* Excluído * Caldeirada,VENDA_SIMPLES,true,false,,0,0,0,0,0,0,
DESCONTINUADO,ceb94a79-d11c-4505-8848-28a746458ebd,* Excluído * Aratu,INSUMO,true,true,,0,0,0,0,0,0,
NUNCA_VENDIDO,11b90d4d-5215-4133-972d-261af8372f8e,AIOLI DE ALCAPARRA,INSUMO,false,true,,0,0,0,0,0,0,
AUTO_NFE,d1668f46-260b-42ce-9a92-470084d9d048,Vinho Tinto Pruno,VENDA_SIMPLES,false,true,,0,5,0,0,0,0,
AUTO_NFE,5647df49-d890-4bc1-a979-0b0e65a1c220,Vinho Tinto Scala Coeli,VENDA_SIMPLES,false,true,,0,6,0,0,0,0,
AUTO_NFE,83654a29-50ae-4e77-974d-4e45ad5da0e0,Coca-Cola lata 350ml - Delivery,VENDA_SIMPLES,false,false,,0,21,0,0,0,0,
DESCONTINUADO,117bef65-49f6-4cf3-883c-29a738775bdc,* Excluído * Vinagre de Arroz,INSUMO,true,true,,0,7,0,0,0,0,
AUTO_NFE,595ff60c-896f-47ad-bf67-252823f2252d,Ypioca 150 anos 700ml,INSUMO,false,true,,0,2,0,0,0,0,
AUTO_NFE,0e28dcb9-e4b5-42cc-a0f2-786e3ce45fc9,Molho de Queijo,INSUMO,false,true,,0,14,0,0,0,0,
AUTO_NFE,152a02d6-85e2-4427-86ad-e12a461bb087,BISCOITO AMANTEIGADO,VENDA_SIMPLES,false,true,,0,1,0,0,0,0,
DESCONTINUADO,9b8f57bc-e783-4bab-840e-ea16d3ffd1ad,* Excluído * Aratu,INSUMO,true,true,,0,0,0,0,0,0,
DESCONTINUADO,aa40ea36-f87d-452a-9208-3093eb5f63a2,* Excluído * Soamar - Rua capela,VENDA_SIMPLES,true,false,,0,0,0,0,0,0,
DESCONTINUADO,9a254e6d-e52c-458f-ace0-105a10987cdb,* Excluído * Prato - 13,VENDA_SIMPLES,true,false,,0,0,0,0,0,0,
NUNCA_VENDIDO,84362ad4-74e7-47c1-90e0-8975495c8817,Uisque Macallan 18 anos,INSUMO,false,true,,0,0,0,0,0,0,
NUNCA_VENDIDO,3b46cb0c-3c7c-4326-9fd2-85c8fc0d519a,Campari 998ml,INSUMO,false,true,,0,0,0,0,0,0,
DESCONTINUADO,d2f70cc8-5b74-48da-8a89-6ef47dff1594,* Excluído * Especia dia dos namorados casal,VENDA_SIMPLES,true,false,,0,0,0,0,0,0,
NUNCA_VENDIDO,539605c9-c37f-45ce-b0a0-7566c5eea153,nutella,INSUMO,false,true,,0,0,0,0,0,0,
NUNCA_VENDIDO,134d19bd-98c9-4d63-ba69-bce034822ba7,Base de Moqueca,INSUMO,false,true,,0,0,0,0,0,0,
DESCONTINUADO,cba5a1b4-4207-472e-8902-7e5bbf86b02d,* Excluído * Queijo Mussarela,INSUMO,true,true,,0,8,0,0,0,0,
AUTO_NFE,68893ef5-b5df-4008-9602-92cee1e9f586,Mix de Frutos do Mar - AVENIDA MELICIO MACHADO,VENDA_SIMPLES,false,false,,0,6,0,0,0,0,
AUTO_NFE,5c07c552-606d-43b6-958c-2e5f65c2b734,PORCAO DE PURE DE BANANA DA TERRA,VENDA_SIMPLES,false,false,,0,2,0,0,0,0,
DESCONTINUADO,7c8231b6-e749-446f-a17b-5d7b2cb159f8,* Excluído * Rúcula,INSUMO,true,true,,0,3,0,0,0,0,
DESCONTINUADO,7e1ae43e-c508-468d-b93b-88c434059e38,* Excluído * Vinho Tinto Pauillac Pichon Baron,VENDA_SIMPLES,true,true,,0,5,0,0,0,0,
AUTO_NFE,f81c59b5-fb25-4bf6-b999-536a5890abad,Costelinha suína - RUA DIVINA PASTORA,VENDA_SIMPLES,false,true,,0,3,0,0,0,0,
AUTO_NFE,cf5611f1-56e7-46c6-bf70-242ff0ca2465,Vinho Tinto Angelica Zapata Malbec Alta,VENDA_SIMPLES,false,true,,0,7,0,0,0,0,
DESCONTINUADO,fac38eb6-e879-40bd-94ed-f2e8faa76f74,* Excluído * PICLES CEBOLA ROXA,INSUMO,true,true,,0,0,0,0,0,0,
AUTO_NFE,0a14a4fd-2f06-4c4f-b9de-4ff7b61a4d4f,MOLHO CITRICO,INSUMO,false,true,,0,6,0,0,0,0,
DESCONTINUADO,ec27cfc1-a691-4399-89b7-f4e4e55c70d5,* Excluído * Tequila Jose Cuervo Ouro - dose,VENDA_SIMPLES,true,false,,0,2,0,0,0,0,
AUTO_NFE,698e9030-57f0-426d-b523-52980ba28a1f,Xarope Monin grenadine 700ml  - frutas vermelhas,INSUMO,false,true,,0,3,0,0,0,0,
NUNCA_VENDIDO,0331f620-40c9-4cae-88da-a26b145c0442,Seu Ataulfo,VENDA_SIMPLES,false,false,,0,0,0,0,0,0,
AUTO_NFE,adec3938-9610-4524-833e-28317e7b3969,Filé de robalo grelhado - MOUNJARO,VENDA_SIMPLES,false,false,,0,9,0,0,0,0,
DESCONTINUADO,dda102c1-6aaf-4dfe-9089-db96ebd01933,* Excluído * Licor Amarula - dose,VENDA_SIMPLES,true,false,,0,3,0,0,0,0,
DESCONTINUADO,8a1965ca-7b08-4996-9cc7-7182943ee91d,* Excluído * Farinha de trigo,INSUMO,true,true,,0,6,0,0,0,0,
AUTO_NFE,111dc0c3-3122-458d-90e7-4d8ed8475ae8,Robalo de 100g - Executivo,INSUMO,false,true,,0,4,0,0,0,0,
DESCONTINUADO,826e2c13-17fa-46f5-8caf-cf04e61a498d,* Excluído * Garrafa de Água de Coco,INSUMO,true,true,,0,11,0,0,0,0,
AUTO_NFE,0776c672-7770-47d4-8170-905b276f76c5,ANGOSTURA BITTER - Drink,INSUMO,false,true,,0,1,0,0,0,0,
NUNCA_VENDIDO,27a64782-58ea-48cb-a48a-96149842e6cf,RUM INFUSIONADO EM ABACAXI,INSUMO,false,true,,0,0,0,0,0,0,
NUNCA_VENDIDO,81673c16-5dd6-4464-8dc0-8e5ab3e742f0,Nhoque,INSUMO,false,true,,0,0,0,0,0,0,
DESCONTINUADO,850fbc61-0e5c-4600-bbdf-534851b425e7,* Excluído * Goma de tapioca - (Dadinho de Tapioca),INSUMO,true,true,,0,4,0,0,0,0,
AUTO_NFE,1d2db13e-f6ec-457f-953c-c48cdfd776cb,PORCAO DE ARROZ CREMOSO,VENDA_SIMPLES,false,false,,0,7,0,0,0,0,
AUTO_NFE,42986678-37ab-4f9e-a1db-0e5a549dd17d,Xarope de Curacao blue (Ver mls),INSUMO,false,true,,0,2,0,0,0,0,
AUTO_NFE,4197fea6-1a74-4f64-a9bc-44ea75b321bb,"Salmão grelhado servido com penne, brócolis e tomate-cereja ao molho p",VENDA_SIMPLES,false,false,,0,12,0,0,0,0,
AUTO_NFE,27479b39-e3aa-4561-b51a-1b34bb535be0,Vinho Branco Foral de Evora,VENDA_SIMPLES,false,true,,0,14,0,0,0,0,
AUTO_NFE,9e6c0c53-c3e9-4905-807a-c3ffffe8b896,Sobrecoxa de frango - Executivo,VENDA_SIMPLES,false,false,,0,10,0,0,0,0,
AUTO_NFE,6acbe53d-518b-41a4-886b-0fe8ecdc33a9,Rum Bacardi Carta Ouro 700ml,INSUMO,false,true,,0,4,0,0,0,0,
DESCONTINUADO,f0c7c56c-fc61-40d4-9145-f87310b0044d,* Excluído * Polvo com batatas,VENDA_SIMPLES,true,false,,0,1,0,0,0,0,
DESCONTINUADO,daa68ab8-e1d8-49ef-915f-63a7fef0b96f,* Excluído * Vinho Tinto Susana Esteban Sem Vergonha,VENDA_SIMPLES,true,true,,0,9,0,0,0,0,
AUTO_NFE,9402073d-f07f-4326-95ad-c08943385140,Vinho Tinto Calyptra Prestige,VENDA_SIMPLES,false,true,,0,5,0,0,0,0,
NUNCA_VENDIDO,f956afdb-7f8a-43a6-b9ad-47f0d61d4480,NHOQUE DE BANANA  DA TERRA,INSUMO,false,true,,0,0,0,0,0,0,
AUTO_NFE,a54395f8-f354-4970-90bb-2d4cbb69451c,Sagatiba cristalina 700ml,INSUMO,false,true,,0,2,0,0,0,0,
AUTO_NFE,89874965-f46d-4ad1-adc3-127355067e49,SANDUICHE TABUARÁ FILE 4 QUEIJOS,VENDA_SIMPLES,false,false,,0,10,0,0,0,0,
AUTO_NFE,084343c8-055d-4f21-9af1-2fe6b1d41216,NHOQUE DE BANANA DA TERRA COM FILE MIGNON,VENDA_SIMPLES,false,true,,0,10,0,0,0,0,
AUTO_NFE,bc49f0e1-03ef-4bbb-af22-60f2cc0b5ad4,Vinho Tinto Cartuxa Evora Colheita,VENDA_SIMPLES,false,true,,0,5,0,0,0,0,
AUTO_NFE,85b00a11-41f9-435b-97af-48e2bdbecae3,Camarão Tigre - AVENIDA RIO BRANCO,VENDA_SIMPLES,false,false,,0,9,0,0,0,0,
NUNCA_VENDIDO,9a0ad094-dcdf-4d2f-a982-c42f3f55be37,Espumante Chandon Brut,VENDA_SIMPLES,false,true,,0,0,0,0,0,0,
AUTO_NFE,2e0a9ac6-e2ec-4ab6-9f66-24cb90d30960,Filé com fritas - RUA RIBEIROPOLIS,VENDA_SIMPLES,false,false,,0,10,0,0,0,0,
AUTO_NFE,d632d470-5c89-43b2-822a-0d255ffd4fea,FAROFA DE LIMÃO,INSUMO,false,true,,0,1,0,0,0,0,
AUTO_NFE,fc7bcf5e-a728-4beb-886d-2ba5911a85c2,Vermouth Carpano rosso - Garrafa,VENDA_SIMPLES,false,true,,0,1,0,0,0,0,
AUTO_NFE,d98d181a-7331-4d22-9a06-1a83e468d756,AMENDOIM,INSUMO,false,true,,0,1,0,0,0,0,
DESCONTINUADO,9fea0dd6-2a95-456d-8d57-b890ab16a6f5,* Excluído * Mariscada,VENDA_SIMPLES,true,false,,0,0,0,0,0,0,
AUTO_NFE,8a2021e6-eefd-4a41-a501-049f78cabf31,Filé de robalo grelhado/pascoa,VENDA_SIMPLES,false,false,,0,9,0,0,0,0,
DESCONTINUADO,61d07faf-9bbe-4727-aeeb-8af67f32c67d,* Excluído * Vinho Tinto do Porto Valdouro Tawny 10 anos,VENDA_SIMPLES,true,true,,0,5,0,0,0,0,
AUTO_NFE,0b46ebc7-842a-4dea-ac14-128add17c5b3,BANOFFE (ZERO GLUTEM),VENDA_SIMPLES,false,true,,0,5,0,0,0,0,
AUTO_NFE,883e424a-c87b-4227-9ef8-8947cad15e44,Filé grelhado - Executivo,VENDA_SIMPLES,false,true,,0,9,0,0,0,0,
DESCONTINUADO,7e6136b2-33ce-4e39-8cba-003e987ba9fb,* Excluído * Prato - 17,VENDA_SIMPLES,true,false,,0,0,0,0,0,0,
AUTO_NFE,ea7aeee3-0500-44fe-8d24-bbb61bc7b5c9,farinha de aveia,INSUMO,false,true,,0,6,0,0,0,0,
AUTO_NFE,2b3541ad-d55d-4e35-b6d7-b30f30221d11,GINGER ALE  - Drink,INSUMO,false,true,,0,2,0,0,0,0,
NUNCA_VENDIDO,14ee289d-2a61-447c-959a-1e1a27a562c4,ISCA DE ROBALO,VENDA_SIMPLES,false,false,,0,0,0,0,0,0,
AUTO_NFE,c5170bcc-9b96-4673-92e7-5b7abdae6ed2,PORCAO DE PURE DE MANDIOQUINHA,VENDA_SIMPLES,false,false,,0,2,0,0,0,0,
DESCONTINUADO,9265e6a3-efaa-43ec-b582-531c08363970,* Excluído * Filé de robalo de 100g,INSUMO,true,true,,0,13,0,0,0,0,
AUTO_NFE,76525081-64cc-4469-830f-81b42aa5fb80,ANGOSTURA BITTER ORANGE - Drink,INSUMO,false,true,,0,1,0,0,0,0,
AUTO_NFE,06911d40-ff41-4c9f-90bf-e1a7169c0253,Robalo (200 g),INSUMO,false,true,,0,2,0,0,0,0,
DESCONTINUADO,c2d328d0-44b1-4084-8ebb-4135d20a2f90,* Excluído * Vermouth Bianco Carpano - Garrafa,VENDA_SIMPLES,true,false,,0,2,0,0,0,0,
NUNCA_VENDIDO,c037605c-0883-49a1-a343-c9e5c026cb93,LAMINAS DE AMENDOA,INSUMO,false,true,,0,0,0,0,0,0,
NUNCA_VENDIDO,26ee6495-9eaf-40e3-b162-4d1f38503f98,Vermuth  Rosso Carpano 950ml,INSUMO,false,true,,0,0,0,0,0,0,
AUTO_NFE,7c0fea29-3c97-45a4-ae26-27e1a6086241,Croquete de carne de panela com gorgonzola,VENDA_SIMPLES,false,false,,0,3,0,0,0,0,
DESCONTINUADO,eab6bdea-6425-4be9-b9c5-a2f1a458c512,* Excluído * Panacota de coco e geleia de frutas vermelhas - Evento 23/05,VENDA_SIMPLES,true,false,,0,2,0,0,0,0,
AUTO_NFE,35d18044-4d97-4433-80ee-4dee129ad0c7,Tomate cereja  - 40g,INSUMO,false,true,,0,9,0,0,0,0,
DESCONTINUADO,95ee10cf-a630-476b-8099-28baa93212ee,* Excluído * Absolut Vanilla - dose,VENDA_SIMPLES,true,false,,0,2,0,0,0,0,
DESCONTINUADO,8ed8981e-452a-4bff-aa99-90b24644a4b9,* Excluído * Panacota com Geleia de Frutas Vermelhas Zero Lactose,VENDA_SIMPLES,true,false,,0,7,0,0,0,0,
AUTO_NFE,2ba8eabd-6d42-4cf1-8d20-444b727e5bca,Vinho Tinto Rio Sol Tempranillo,VENDA_SIMPLES,false,true,,0,5,0,0,0,0,
AUTO_NFE,17c53279-2b3c-4715-8b89-f04560ba0a00,Budweiser Zero Long neck,VENDA_SIMPLES,false,true,,0,11,0,0,0,0,
NUNCA_VENDIDO,ba3660e2-7949-45ce-9619-9ae49989bc04,MOQUECA RIO SERGIPE,VENDA_SIMPLES,false,false,,0,0,0,0,0,0,
AUTO_NFE,cd19d60f-c1df-4563-bd0d-eb05167dd793,Dona Olga,VENDA_SIMPLES,false,false,,0,2,0,0,0,0,
NUNCA_VENDIDO,992e7087-c316-4e32-9c7c-f17759bc5f24,Tortelli (Valor do kg),INSUMO,false,true,,0,0,0,0,0,0,
AUTO_NFE,594fc9e3-b8ad-4395-8230-c8acd3f10b97,PORCAO DE ARROZ BRANCO,VENDA_SIMPLES,false,false,,0,12,0,0,0,0,
DESCONTINUADO,ac7c5058-af16-417d-90c5-f5e3d395b1ba,* Excluído * Farinha de trigo,INSUMO,true,true,,0,6,0,0,0,0,
AUTO_NFE,68fa6d77-9474-4575-8497-ad3d106f56a5,RISOTO DE BRIE E DAMASCO,VENDA_SIMPLES,false,false,,0,2,0,0,0,0,
DESCONTINUADO,b91125cb-ef49-4859-a8a9-890dfe2b9983,* Excluído * Cracker de filé ao molho de vinho,VENDA_SIMPLES,true,false,,0,20,0,0,0,0,
AUTO_NFE,57304595-a073-49b3-8ce7-2730f6a230e4,Arroz Arborio 180g,INSUMO,false,true,,0,5,0,0,0,0,
AUTO_NFE,fbd25a0c-a35f-4013-bc2b-61c3a0a6232b,FRANGO FRITO TABUARA,VENDA_SIMPLES,false,false,,0,7,0,0,0,0,
DESCONTINUADO,19c60716-fbb6-4fdc-940d-e7420ccc7cb4,* Excluído * Cebolinha,INSUMO,true,true,,0,0,0,0,0,0,
DESCONTINUADO,6fbd7b89-75b1-49b2-878c-e48039108737,* Excluído * Prato - 16,VENDA_SIMPLES,true,false,,0,0,0,0,0,0,
AUTO_NFE,ae467eb1-14fe-435e-9bc8-bb820ec2fd97,Eisenbahn Long neck,VENDA_SIMPLES,false,true,,0,6,0,0,0,0,
AUTO_NFE,d319b726-ef21-4335-bb0f-7812fb733193,despesa com refeição,VENDA_SIMPLES,false,false,,0,1,0,0,0,0,
AUTO_NFE,56c46084-e4e2-41df-bbee-8663d46d2485,PANNACOTA COM GELEIA (ZERO LACTOSE),VENDA_SIMPLES,false,true,,0,6,0,0,0,0,
AUTO_NFE,28b571dc-941d-4ed6-a79f-028dd8022cb3,Vinho Tinto Scala Coeli Reserva,VENDA_SIMPLES,false,true,,0,7,0,0,0,0,
NUNCA_VENDIDO,880e8742-6947-495c-8878-b04c02898e01,ESPUMANTE BRUT,INSUMO,false,true,,0,0,0,0,0,0,
AUTO_NFE,470d8c3e-c735-40e9-8dd3-1f314d3efdee,SANDUICHE SALMÃO,VENDA_SIMPLES,false,false,,0,4,0,0,0,0,
NUNCA_VENDIDO,d0482d80-bad0-4bc6-8868-7789d2899dab,Lasanha à bolonhesa - Executivo,VENDA_SIMPLES,false,true,,0,0,0,0,0,0,
NUNCA_VENDIDO,10b09b7e-5802-4e3e-93c9-ca7bf3319cc2,Pornstar Martini,VENDA_SIMPLES,false,false,,0,0,0,0,0,0,
AUTO_NFE,610e0f75-239f-452e-8a98-909bfd71a9a1,Vinho Royal Oporto 10 anos Tawny Porto - Taça,INSUMO,false,true,,0,5,0,0,0,0,
AUTO_NFE,20167ed5-6ddd-4378-bb43-9b53d6511bee,Gin Tanqueray 750ml,INSUMO,false,true,,0,14,0,0,0,0,
DESCONTINUADO,0a5d5997-a552-471a-a990-1ac32376334f,* Excluído * Caldeirada molho de tomate,VENDA_SIMPLES,true,false,,0,6,0,0,0,0,
AUTO_NFE,a5e80a37-a2b4-450a-8ad5-7033fd07ccff,CALDA LARANJA,INSUMO,false,true,,0,2,0,0,0,0,
AUTO_NFE,edf65be4-731a-4297-b812-e41bcff1402f,Feijão Tropeiro - 150g,INSUMO,false,true,,0,7,0,0,0,0,
DESCONTINUADO,82c25d39-86f8-4767-9870-4aff7e308dc4,* Excluído * Coca-Cola lata 350ml,VENDA_SIMPLES,true,true,,0,21,0,0,0,0,
NUNCA_VENDIDO,c38c8c67-6701-49d6-8006-bc83c34fc530,Risoto de funghi,VENDA_SIMPLES,false,false,,0,0,0,0,0,0,
DESCONTINUADO,2cfcbff9-cb03-467f-9cb1-aae897629033,* Excluído * Prato - 15,VENDA_SIMPLES,true,false,,0,0,0,0,0,0,
AUTO_NFE,834ce905-2ad4-4ff1-8004-67c12f2cad73,ESFERA DE AMENDOIM,VENDA_SIMPLES,false,true,,0,1,0,0,0,0,
DESCONTINUADO,06762f99-5700-441c-8ed8-6cf80b1a579b,* Excluído * Costela suína com batatas,VENDA_SIMPLES,true,false,,0,6,0,0,0,0,
AUTO_NFE,0e15c378-3dc0-4f2a-a433-ff57e0cd79c9,Stella Artois Long neck,VENDA_SIMPLES,false,true,,0,9,0,0,0,0,
NUNCA_VENDIDO,14623942-20d7-42da-a105-f7c46f89b721,BECO DOS COCOS,VENDA_SIMPLES,false,true,,0,0,0,0,0,0,
DESCONTINUADO,4884622c-3272-4310-8193-383b51686c09,* Excluído * Salmao ao pene,VENDA_SIMPLES,true,false,,0,4,0,0,0,0,
AUTO_NFE,d88555fe-934c-44af-bc80-5c3bdee5175b,Arroz Negro 180g,INSUMO,false,true,,0,5,0,0,0,0,
AUTO_NFE,156ff1f6-a3aa-4bcc-9bc8-7cc148ab3d95,Cafe -  (expresso),INSUMO,false,true,,0,1,0,0,0,0,
AUTO_NFE,bc0bff99-cf25-481b-8f0f-65856ba45950,Tequila Jose Cuervo Ouro (reposado) 750ml  garrafa,INSUMO,false,true,,0,17,0,0,0,0,
AUTO_NFE,13c56e5d-f66c-4b8f-b070-82dd0e11dfc7,SUMO MORANGO - Drink,INSUMO,false,true,,0,1,0,0,0,0,
AUTO_NFE,861c121d-7754-4feb-9afb-ebd6f94350b7,Pure de Batata Peruana Roxa (50 g),INSUMO,false,true,,0,7,0,0,0,0,
DESCONTINUADO,0342ac14-014d-4cea-9b4d-fad360d1886c,* Excluído * carne do sol,VENDA_SIMPLES,true,false,,0,2,0,0,0,0,
DESCONTINUADO,3d801f77-b5a9-4f61-aaa9-0c6d87468792,* Excluído * Vinho Royal Oporto 10 anos Tawny Porto - Taça -,VENDA_SIMPLES,true,true,,0,5,0,0,0,0,
AUTO_NFE,8a6d1978-6b27-4d13-a389-da19f188fcb9,Xarope Monin Toranja 700ml,INSUMO,false,true,,0,2,0,0,0,0,
DESCONTINUADO,346e391d-b779-4f24-99c7-c81112884cf9,* Excluído * Camarão 61/70,INSUMO,true,true,,0,0,0,0,0,0,
AUTO_NFE,83f0ed20-ca74-43e6-a800-8c4680518eff,CHOPP,INSUMO,false,true,,0,4,0,0,0,0,
DESCONTINUADO,0b7507af-04e5-4e92-9849-b564ef926500,* Excluído * Salmão,INSUMO,true,true,,0,4,0,0,0,0,
NUNCA_VENDIDO,4334f7d4-456a-4e1e-b734-8fa51557fdec,CAMARÃO ROSA,INSUMO,false,true,,0,0,0,0,0,0,
AUTO_NFE,690d23cc-61bf-4419-bd57-7ccf63a3b855,MAIONESE DE PIMENTA DE CHEIRO,INSUMO,false,true,,0,3,0,0,0,0,
AUTO_NFE,faf01b6e-bd05-4071-bf57-12fc38cff12f,Sprite Zero lata 350ml - Delivery,VENDA_SIMPLES,false,false,,0,26,0,0,0,0,
AUTO_NFE,e893adcf-a6ec-49b7-a2b8-3e8aef172e7e,Fetruccine com molho pomodoro e camaroes,VENDA_SIMPLES,false,false,,0,7,0,0,0,0,
NUNCA_VENDIDO,dbd6bf77-f56c-442c-996e-befd9aa5e68d,geleia de mangaba,INSUMO,false,true,,0,0,0,0,0,0,
DESCONTINUADO,c3dd45b4-a9fe-452e-8226-3572d2ba9721,* Excluído * Prato - 14,VENDA_SIMPLES,true,false,,0,0,0,0,0,0,
AUTO_NFE,4e5de8f4-ea68-4215-87df-df22fc6b4030,LIMÃO TAHITI,VENDA_SIMPLES,false,false,,0,1,0,0,0,0,
AUTO_NFE,4b0ab815-efb5-40a4-bedb-22e7324077e1,Vinho Tinto Paulo laureano Nosso Terroir,VENDA_SIMPLES,false,true,,0,7,0,0,0,0,
AUTO_NFE,4c503024-e226-4e61-bb18-7b162671775e,Red Bull Zero acucar,VENDA_SIMPLES,false,true,,0,21,0,0,0,0,
DESCONTINUADO,2091b7fa-a8a3-4d30-b34c-8c25520c014d,* Excluído * Nutella,INSUMO,true,true,,0,0,0,0,0,0,
DESCONTINUADO,f3366ad6-0980-4865-bad5-f46109be710b,* Excluído * Soamar - Entrada,VENDA_SIMPLES,true,false,,0,1,0,0,0,0,
DESCONTINUADO,a8e80f04-ea70-4e4f-a8ef-8f101d9a9fa6,* Excluído * Prato - 07,VENDA_SIMPLES,true,false,,0,0,0,0,0,0,
AUTO_NFE,fc3450dd-1e03-4140-9874-905651556e51,SEMENTE DE COENTRO,INSUMO,false,true,,0,2,0,0,0,0,
AUTO_NFE,d0611d00-1a19-4a31-aad9-a66d5dd77667,Pure de Batata Peruana Laranja (50 g),INSUMO,false,true,,0,9,0,0,0,0,
AUTO_NFE,37c631e3-ebab-4f38-98b3-75edca3a83f7,leite de coco,INSUMO,false,true,,0,13,0,0,0,0,
AUTO_NFE,d29e1bb2-c172-48cd-9e83-416db134bf6f,Vinho Tinto Montes Alpha Vintage Label Cabernet sauvignon,VENDA_SIMPLES,false,true,,0,5,0,0,0,0,
AUTO_NFE,74a27908-3d6f-47bc-bc5b-80d48aee17a4,Red Bull Melancia,VENDA_SIMPLES,false,true,,0,9,0,0,0,0,
AUTO_NFE,368979aa-650a-4496-bc20-787d713ba08f,Conhaque Miolo Brandy 750ml,INSUMO,false,true,,0,14,0,0,0,0,
AUTO_NFE,a9a985aa-0bfb-4e25-8d01-cfff7f1ae860,lagosta especial do chef,VENDA_SIMPLES,false,false,,0,2,0,0,0,0,
DESCONTINUADO,ad3c69e9-c475-4298-9854-40ef73cd2afe,* Excluído * Espumante Jaume Demi - Sec,VENDA_SIMPLES,true,true,,0,0,0,0,0,0,
NUNCA_VENDIDO,0a813f76-4a71-4e4a-920f-e8952a8fa1db,Servico de Rolha,VENDA_SIMPLES,false,false,,0,0,0,0,0,0,
DESCONTINUADO,8a813341-68b1-48c7-832d-060d5ae61b50,* Excluído * Licor Mozart Choc - dose,VENDA_SIMPLES,true,false,,0,5,0,0,0,0,
AUTO_NFE,d6c0292c-f0fe-4d2d-bcd7-3b06a1e43ea0,Xarope de Maca verde (Ver mls),INSUMO,false,true,,0,4,0,0,0,0,
DESCONTINUADO,b216c9af-8c33-45d4-abc7-a3bc7a842588,* Excluído * Pão italiano,INSUMO,true,true,,0,2,0,0,0,0,
AUTO_NFE,e7aca9d6-b8c0-4410-b693-4eedb54e1f2f,Penne aos 4 queijos,VENDA_SIMPLES,false,false,,0,1,0,0,0,0,
AUTO_NFE,123d266e-9a95-4844-b62e-0d7c0f5bb5bb,Agua Com Gas Indaia Pet,VENDA_SIMPLES,false,true,,0,16,0,0,0,0,
AUTO_NFE,3b05e990-db12-4b70-accc-05778c590030,Aperol Spritz,VENDA_SIMPLES,false,false,,0,2,0,0,0,0,
AUTO_NFE,1cbfbdcf-ffa0-42c1-a906-d5b8b8437a48,geleia de frutas vermelhas,INSUMO,false,true,,0,1,0,0,0,0,
NUNCA_VENDIDO,3253cc31-511b-473f-bcb2-c69ab5e3045c,Seu Melinho,VENDA_SIMPLES,false,false,,0,0,0,0,0,0,
AUTO_NFE,7dcbff6e-2475-4ef6-aa7e-07d974b5c6e9,FAROFA DE COCO,INSUMO,false,true,,0,1,0,0,0,0,
DESCONTINUADO,87a59c6e-ac0b-473c-8e3b-3c0ad2a1b609,* Excluído * Xarope de Canela,INSUMO,true,true,,0,1,0,0,0,0,
AUTO_NFE,de65b5c6-c188-4c08-b696-bbf18050f9d9,Vinho Tinto DV Catena Malbec,VENDA_SIMPLES,false,true,,0,7,0,0,0,0,
AUTO_NFE,ddd4b41a-e0ba-4848-a21d-14c80c5f3eac,Reducao de Vinho,INSUMO,false,true,,0,5,0,0,0,0,
NUNCA_VENDIDO,b1f86902-4651-490b-bbe5-b961297099ce,Porção - Brocolis 50g,INSUMO,false,true,,0,0,0,0,0,0,
DESCONTINUADO,8cb01b21-e709-4d67-9609-351a97d0f7c2,* Excluído * Dadinho de tapioca,VENDA_SIMPLES,true,false,,0,4,0,0,0,0,
AUTO_NFE,dab19eab-cb59-4453-95f6-07a78b8e8618,Batata Rustica (150 g),INSUMO,false,true,,0,5,0,0,0,0,
DESCONTINUADO,e553b013-4ee2-46d9-b4b6-6d728e9cbfb1,* Excluído * Maionese da casa,INSUMO,true,true,,0,2,0,0,0,0,
AUTO_NFE,1502acd4-7ae2-4350-b48c-a2baaf61ddc1,Vinho Royal Oporto 10 anos Tawny Porto - Taça,VENDA_SIMPLES,false,true,,0,5,0,0,0,0,
DESCONTINUADO,77dd5d9d-72b9-4fd6-a5b7-78b7d43c371d,* Excluído * Menu executivo Albrae,VENDA_SIMPLES,true,false,,0,0,0,0,0,0,
DESCONTINUADO,553a2cb2-df77-435a-b2be-87a9a522fef6,* Excluído * Prato - 17,VENDA_SIMPLES,true,false,,0,0,0,0,0,0,
AUTO_NFE,6df6a89e-a88b-4ba5-a3d8-fe6f3855bd5b,PORCAO DE ARROZ NEGRO,VENDA_SIMPLES,false,true,,0,5,0,0,0,0,
NUNCA_VENDIDO,9ea9006a-1245-42a7-b706-ddd9b34464a2,Pato confitado - AVENIDA ADELIA FRANCO,VENDA_SIMPLES,false,true,,0,0,0,0,0,0,
DESCONTINUADO,bd45da38-3f6f-4865-85a2-7bd3b6602c78,* Excluído * File mingon 100g,INSUMO,true,true,,0,13,0,0,0,0,
DESCONTINUADO,d5fe8dfe-10be-40f7-a3e2-fd11a2096dbf,* Excluído * Cheesecake de Siriguela,VENDA_SIMPLES,true,false,,0,0,0,0,0,0,
AUTO_NFE,7aa0ba82-81f4-4401-8c9a-9c51b1014593,Espumante Jaume Serra Semi-Seco,VENDA_SIMPLES,false,true,,0,1,0,0,0,0,
NUNCA_VENDIDO,b005c2ef-cf6a-4ceb-becb-b3667a65a62e,Tomate confit,INSUMO,false,true,,0,0,0,0,0,0,
AUTO_NFE,078ec7a8-1936-40ae-8d9e-91ed7f359cd4,Picanha em Tiras 150g,INSUMO,false,true,,0,6,0,0,0,0,
DESCONTINUADO,11e45ab2-fceb-4411-bde7-8a66225e6011,* Excluído * Hambúrguer de Picanha,INSUMO,true,true,,0,4,0,0,0,0,
AUTO_NFE,c7e9ea2b-469f-44fd-af6e-c90f5f3da392,Vinho Branco Quinta da Alorna Colheita reserva,VENDA_SIMPLES,false,true,,0,15,0,0,0,0,
AUTO_NFE,32cb1d4d-7a6a-4abc-bee3-e60da16284f8,PORCAO DE MASSA  4 queijos,VENDA_SIMPLES,false,false,,0,5,0,0,0,0,
DESCONTINUADO,c46718da-0c06-4a66-9896-1bf57bc53b9e,* Excluído * Pão italiano (Mini fondue),INSUMO,true,true,,0,3,0,0,0,0,
AUTO_NFE,d0d123c7-5389-4bba-a983-bdb287eb78ab,ESPUMA DE GENGIBRE - Drink,INSUMO,false,true,,0,1,0,0,0,0,
DESCONTINUADO,3ef77fc2-343a-4867-84ba-69672d074527,* Excluído * Tornedor com risoto de acafrao,VENDA_SIMPLES,true,false,,0,1,0,0,0,0,
AUTO_NFE,801b5344-0500-4061-9f17-f14f849b2526,MOLHO PESTO,INSUMO,false,true,,0,6,0,0,0,0,
AUTO_NFE,0a63e36f-e76d-41e0-9c13-07686896d7f5,Whisky Ballantine s Bourbon finish 750ml,INSUMO,false,true,,0,14,0,0,0,0,
AUTO_NFE,f7509b27-d841-4990-bf33-e5fae0d9e5a5,Mix de Frutos do Mar - MOUNJARO,VENDA_SIMPLES,false,false,,0,6,0,0,0,0,
AUTO_NFE,7b13983d-8459-4156-86e7-d2b596539df2,MOLHO DE MOQUECA,INSUMO,false,true,,0,6,0,0,0,0,
AUTO_NFE,0885753a-6244-4257-9bec-aca7a2a606b0,FILÉ AO MOLHO TRUFADO,VENDA_SIMPLES,false,false,,0,15,0,0,0,0,
AUTO_NFE,c4811af7-4c91-4263-b56b-ce5da331e426,Sprite Ks,VENDA_SIMPLES,false,true,,0,4,0,0,0,0,
AUTO_NFE,030946d2-f1c8-470f-a0da-c48e69191020,Agua sem gas indaia lata,VENDA_SIMPLES,false,true,,0,24,0,0,0,0,
DESCONTINUADO,2203f053-8719-463e-91ad-1b280ee4349f,* Excluído * Vieira selada,VENDA_SIMPLES,true,false,,0,0,0,0,0,0,
AUTO_NFE,4147fbf7-b560-4fd8-a925-c3b6c0fc22c2,Vinho Tinto Almanegra,VENDA_SIMPLES,false,true,,0,5,0,0,0,0,
AUTO_NFE,49a8defa-548b-4eb8-8a89-ca7fd348477d,Licor Frangelico avela 700ml,INSUMO,false,true,,0,6,0,0,0,0,
DESCONTINUADO,ce919e5d-f458-4c72-8ee1-95f94ec49bec,* Excluído * Picanha,INSUMO,true,true,,0,3,0,0,0,0,
DESCONTINUADO,3a21a52f-96ca-483c-a1fe-07c49b54e015,* Excluído * Creme de queijo,INSUMO,true,true,,0,15,0,0,0,0,
NUNCA_VENDIDO,9511cdaf-d1d6-40c4-92ca-3c67c009501f,Sobremesa - Dia dos Namorados,VENDA_SIMPLES,false,false,,0,0,0,0,0,0,
AUTO_NFE,b7bf28a2-66ae-446e-910c-93a6d63e6af5,PORCAO DE PENNE,VENDA_SIMPLES,false,false,,0,1,0,0,0,0,
DESCONTINUADO,785d83fc-de27-424b-9d39-e00b6c180f9b,* Excluído * Prato - 06,VENDA_SIMPLES,true,false,,0,0,0,0,0,0,
DESCONTINUADO,bde8dcc0-7947-497b-83f8-f859bf955a44,* Excluído * Abacaxi com raspas de limao siciliano - Evento 23/05,VENDA_SIMPLES,true,false,,0,2,0,0,0,0,
AUTO_NFE,2d715786-dc3e-430e-a719-cf113b1de1a7,Corona Extra Zero Long neck,VENDA_SIMPLES,false,true,,0,12,0,0,0,0,
DESCONTINUADO,5da4928d-5313-4556-a315-998f9c1e687b,"* Excluído * Cupim sous vide, cerveja escura amarga páprica fumaça em po torradas o",VENDA_SIMPLES,true,false,,0,5,0,0,0,0,
DESCONTINUADO,b988dd15-b0ec-4994-bdff-863b9dbf8518,* Excluído * Tornedor 200g,INSUMO,true,true,,0,8,0,0,0,0,
AUTO_NFE,c7485c5b-1697-4453-bea9-12316fe97b7d,Vinho Tinto Alorna Portas do Sol Tejo Portugues,VENDA_SIMPLES,false,true,,0,5,0,0,0,0,
AUTO_NFE,2e3fc4a6-61fa-4d47-a328-ac68146ba0eb,Absolut Vanilla (Baunilha) 750ml,INSUMO,false,true,,0,16,0,0,0,0,
NUNCA_VENDIDO,41f94386-4e49-4b32-b985-06fc2013cdae,Lagosta Grelhada - AVENIDA MARANHAO,VENDA_SIMPLES,false,false,,0,0,0,0,0,0,
AUTO_NFE,9880382f-6d7a-4635-b408-9998921f4107,Mangueira saída de água p/ forno,INSUMO,,true,Utensílios,0,11,0,0,0,0,
AUTO_NFE,294932fe-4e16-44dc-83e8-5c955202bb8f,XAROPE DE MARACUJA - DRINK,INSUMO,false,true,,0,3,0,0,0,0,
DESCONTINUADO,f361576c-b9eb-4d54-a6df-94de86d47cf4,* Excluído * Fanta Laranja 350ml,VENDA_SIMPLES,true,true,,0,16,0,0,0,0,
AUTO_NFE,39dd0702-9952-4008-99c3-64e49ac88cf7,Vinho Tinto Pauillac,VENDA_SIMPLES,false,true,,0,5,0,0,0,0,
AUTO_NFE,15dd7098-ef1e-49ac-89a8-eab708a6ae5b,Batata Gratan (300 g),INSUMO,false,true,,0,6,0,0,0,0,
NUNCA_VENDIDO,8dc97d32-1b1e-4f5e-8e7b-67aa571bc765,SUGESTAO DO CHEF,VENDA_SIMPLES,false,false,,0,0,0,0,0,0,
AUTO_NFE,4d6aaf71-f828-4888-a171-3d76bee941cb,Guarana Antarctica lata 350ml - Delivery,VENDA_SIMPLES,false,false,,0,25,0,0,0,0,
DESCONTINUADO,6fd1311a-f852-4a97-82c1-a78bb4da2351,* Excluído * Batata c/ Cheddar e Bacon,VENDA_SIMPLES,true,false,,0,7,0,0,0,0,
DESCONTINUADO,34018cca-1aff-4b0a-b082-c42888a3f4ac,* Excluído * Gin Tanqueray - dose,VENDA_SIMPLES,true,false,,0,4,0,0,0,0,
AUTO_NFE,b5a70127-018c-41ea-94cd-c62eeed2221d,Magret de Canard - AVENIDA SAO PAULO,VENDA_SIMPLES,false,false,,0,3,0,0,0,0,
NUNCA_VENDIDO,02bc3c60-b3a9-4364-a6a2-9ee96c200042,Ze Balinha,VENDA_SIMPLES,false,false,,0,0,0,0,0,0,
AUTO_NFE,f849da88-ef1f-4ed4-b7ff-f33ce786b9f6,RISOTO DE SHITAKE E SHIMEJI,VENDA_SIMPLES,false,false,,0,4,0,0,0,0,
NUNCA_VENDIDO,ba7f2504-4635-41cf-8eb1-df3eaf3cc6d7,Negroni,VENDA_SIMPLES,false,false,,0,0,0,0,0,0,
AUTO_NFE,6df2ec71-b789-4eda-9653-0a5fadf41856,Vinho Tinto Lespinouse Frances,VENDA_SIMPLES,false,true,,0,5,0,0,0,0,
AUTO_NFE,b51ba363-d588-4fb5-8cf4-537d6946833d,Vinho Tinto Peninsula Carmenere,VENDA_SIMPLES,false,true,,0,5,0,0,0,0,
DESCONTINUADO,1a5cecc2-7ded-4ebe-b470-db65edb6d6aa,* Excluído * Tomate,INSUMO,true,true,,0,0,0,0,0,0,
AUTO_NFE,d587e6d4-ba2f-4a21-9e7a-ff4ebf16a335,SALADA TROPICAL,VENDA_SIMPLES,false,false,,0,3,0,0,0,0,
DESCONTINUADO,cbea4f78-9c5b-4d43-a6ba-33dcf44d734a,* Excluído * Aperol Dose,VENDA_SIMPLES,true,false,,0,2,0,0,0,0,
NUNCA_VENDIDO,515d77b6-98e9-41bb-9f79-2ef7aad9d41c,Siri - Porção (50g),INSUMO,false,true,,0,0,0,0,0,0,
AUTO_NFE,2128e8e5-996b-427c-b5a6-cc6e58292278,PORCAO BATATA FRITA,VENDA_SIMPLES,false,false,,0,5,0,0,0,0,
AUTO_NFE,88a4950b-7881-40fd-aaf5-c81f013796e5,Absolut Raspberri (Framboesa) 750ml,INSUMO,false,true,,0,16,0,0,0,0,
DESCONTINUADO,97da9e17-9f8b-4712-901b-07becd639b67,* Excluído * Menu dia dos Namorados,VENDA_SIMPLES,true,false,,0,0,0,0,0,0,
AUTO_NFE,2d5c12d8-d1f7-42af-b698-c26581489d06,Licor Crem Mozart Choc 700ml garrafa,INSUMO,false,true,,0,7,0,0,0,0,
NUNCA_VENDIDO,66487995-97fe-469a-bb91-0d3e5d71ce28,TULIPAS 5 UNIDADES,INSUMO,false,true,,0,0,0,0,0,0,
AUTO_NFE,d0f6438c-34fd-467e-a4c0-11508f54b004,coco desidratado,INSUMO,false,true,,0,1,0,0,0,0,
NUNCA_VENDIDO,47631566-0d03-4c39-94eb-af92d300b812,extrato de baunilha,INSUMO,false,true,,0,0,0,0,0,0,
DESCONTINUADO,843afeb5-92b6-49b9-b52c-8ba8c523efaf,* Excluído * Óleo de Soja,INSUMO,true,true,,0,6,0,0,0,0,
AUTO_NFE,2adcd1df-6fd0-4cb4-a8a4-dfded5fd78f0,Vinho Tinto Nicola Catena Bonarda,VENDA_SIMPLES,false,true,,0,5,0,0,0,0,
NUNCA_VENDIDO,2b1900b3-4cb2-4051-a84b-4b697fe94668,MARINADA,INSUMO,false,true,,0,0,0,0,0,0,
DESCONTINUADO,54349fcc-8c40-4816-aab1-d58381869756,* Excluído * Risoto de Granna padano,VENDA_SIMPLES,true,false,,0,0,0,0,0,0,
AUTO_NFE,6415ce96-5f82-49e9-b709-3a86b2e48d0d,CALDA CHOCOLATE,INSUMO,false,true,,0,3,0,0,0,0,
AUTO_NFE,383b9936-eb1e-4659-af15-14a830a45625,Rum Bacardi Carta Branca 980ml,INSUMO,false,true,,0,1,0,0,0,0,
DESCONTINUADO,360182a1-1934-4481-85fb-42525d0b92e6,* Excluído * Mix de frutos do mar empanados servido com molho lambão defumado,VENDA_SIMPLES,true,false,,0,13,0,0,0,0,
AUTO_NFE,3e445350-3c15-4db9-9b78-b3da0a89e40f,Rum Havana Club 3 anos 700ml garrafa,INSUMO,false,true,,0,3,0,0,0,0,
NUNCA_VENDIDO,9a0706f9-997b-4837-9127-35a32bde91ee,Taxa de Entrega,VENDA_SIMPLES,false,false,,0,0,0,0,0,0,
DESCONTINUADO,aea1d245-1310-4955-9476-dd173cdbc3c6,* Excluído * Vinho Tinto Rizieri Barolo,VENDA_SIMPLES,true,true,,0,5,0,0,0,0,
AUTO_NFE,631ca516-67be-44dd-9775-532efc1915d8,Tequila Jose Cuervo Prata 750ml,INSUMO,false,true,,0,14,0,0,0,0,
DESCONTINUADO,f763ff02-33c0-40b4-bac2-2da064ac6d62,* Excluído * Cream Cheese,INSUMO,true,true,,0,3,0,0,0,0,
NUNCA_VENDIDO,ec2b1391-e00a-4791-b5a3-3712a4a342d3,MORANGO,VENDA_SIMPLES,false,false,,0,0,0,0,0,0,
AUTO_NFE,f33a6ae0-eb4c-4961-a34a-9ab4c51a9f13,Avaria Cozinha,VENDA_SIMPLES,false,false,,0,1,0,0,0,0,
AUTO_NFE,e8affc36-8d1c-406c-a635-66bd64cab4d1,Vinho Tinto Almaviva EPU,VENDA_SIMPLES,false,true,,0,5,0,0,0,0,
AUTO_NFE,ca493e7a-b7b8-4793-922f-9cf6c6b1e641,Vinho Tinto Suolo Rosso Primitivo Di Manduria,VENDA_SIMPLES,false,true,,0,5,0,0,0,0,
DESCONTINUADO,17aa0dd7-748d-4bb2-8e17-77e09a65ef05,* Excluído * LIMÃO SICILIANO,VENDA_SIMPLES,true,false,,0,1,0,0,0,0,
AUTO_NFE,fde82949-08db-4709-a933-ccb4827ea7d4,Vinho Tinto Sem Vergonha,VENDA_SIMPLES,false,true,,0,9,0,0,0,0,
DESCONTINUADO,c414e84a-db19-493c-bdfc-8ddc3898b18c,* Excluído * Batata gratan,INSUMO,true,true,,0,5,0,0,0,0,
DESCONTINUADO,40a8a07f-4172-4749-b66b-91c7e7be9ee6,* Excluído * Cebola,INSUMO,true,true,,0,0,0,0,0,0,
DESCONTINUADO,147fde87-bd21-4447-bfc2-0d33434c6486,* Excluído * Maionese,INSUMO,true,true,,0,2,0,0,0,0,
DESCONTINUADO,2acde2bb-dd31-4059-9d5f-37fdd9627625,* Excluído * Leite,INSUMO,true,true,,0,13,0,0,0,0,
NUNCA_VENDIDO,6ae242f0-fbf7-4693-bb72-9d08b9b4dabf,Charuto COHIBA,VENDA_SIMPLES,false,false,,0,0,0,0,0,0,
DESCONTINUADO,c9233ecb-3634-454b-8dfa-82054f4edffb,* Excluído * Hambúrguer de Carne,INSUMO,true,true,,0,3,0,0,0,0,
DESCONTINUADO,2401b6de-8246-4429-b80f-db795b22791f,* Excluído * entremet de maracuja,VENDA_SIMPLES,true,false,,0,1,0,0,0,0,
AUTO_NFE,884ff453-435f-4d1c-ad09-79f3137f4848,Vinho Tinto Monte Velho Esporao,VENDA_SIMPLES,false,true,,0,6,0,0,0,0,
AUTO_NFE,b4b5242b-864a-4aed-829d-3871bea37ee8,Massa Nero (Negra) 180G,INSUMO,false,true,,0,6,0,0,0,0,
AUTO_NFE,2a2f9f5f-66d0-4588-9320-6edad19025dd,gelatina sem sabor,INSUMO,false,true,,0,6,0,0,0,0,
DESCONTINUADO,be0aeae1-11f2-41dd-8515-7c67990a6197,* Excluído * Acerola,INSUMO,true,true,,0,0,0,0,0,0,
DESCONTINUADO,60edfaf1-3b15-4987-9a22-f4cef44ec52a,* Excluído * Aperol Garrafa,VENDA_SIMPLES,true,false,,0,3,0,0,0,0,
AUTO_NFE,3a4242ec-bdd4-4ad8-a170-2d5f5e9d418b,Pão pita - RUA ITABAIANA,VENDA_SIMPLES,false,false,,0,1,0,0,0,0,
AUTO_NFE,094044aa-6497-407f-a154-69799e0ac4b0,Salada de camarão - RUA SAO PEDRO,VENDA_SIMPLES,false,false,,0,1,0,0,0,0,
AUTO_NFE,7e84dc46-5c4c-4c88-996d-da7d6c807a43,BOURBON FAT WASHED MANTEIGA DE GARRAFA - Drink,INSUMO,false,true,,0,4,0,0,0,0,
AUTO_NFE,fa31194b-c37a-42ef-a204-2c4788175e42,LIMAO SICILIANO - Drink,INSUMO,false,true,,0,2,0,0,0,0,
DESCONTINUADO,43936c04-04b1-447d-8dc3-ae54d00618a1,* Excluído * Campari 748ml,INSUMO,true,true,,0,0,0,0,0,0,
AUTO_NFE,13866b50-2dd9-4c96-89c8-42670a048511,Vinho Tinto Quinta do Noval Vinhas do Passadouro,VENDA_SIMPLES,false,true,,0,5,0,0,0,0,
NUNCA_VENDIDO,3e68caa0-87c4-4689-8f8b-cd943486c53c,Camarão 36/40 - Pistola/Cinza (2 UN) 30g,INSUMO,false,true,,0,0,0,0,0,0,
DESCONTINUADO,7180697a-29f6-443c-a414-b10e8ed3fe05,* Excluído * Couvert,VENDA_SIMPLES,true,false,,0,0,0,0,0,0,
AUTO_NFE,f9b4445e-3bc7-49c5-8189-3bb0f7b0c1e6,MICHELOB SEM GLUTEM,VENDA_SIMPLES,false,true,,0,5,0,0,0,0,
AUTO_NFE,bfb97feb-2596-42ad-9cee-4d0ba30ddd97,Fanta Laranja  lata 350ml - Delivery,VENDA_SIMPLES,false,false,,0,22,0,0,0,0,
AUTO_NFE,97f4a779-a471-48a5-ba6a-8e5f724ce2dc,BROWNIE DE BATATA-DOCE (70%),VENDA_SIMPLES,false,true,,0,6,0,0,0,0,
AUTO_NFE,31328690-e044-4f48-8a7e-678d227ccae4,GIN INFUSIONADO GOIABA - Drink,INSUMO,false,true,,0,5,0,0,0,0,
AUTO_NFE,7bfedfe7-05c3-4d82-9af5-eef60d7e0f44,Filé Salteado - AVENIDA BARAO DE MARUIM,VENDA_SIMPLES,false,false,,0,9,0,0,0,0,
DESCONTINUADO,75c712a3-a6ec-49b0-9227-96a16d6d4155,* Excluído * Soamar - Principal,VENDA_SIMPLES,true,false,,0,0,0,0,0,0,
DESCONTINUADO,d01b9964-8d86-4535-b2e9-48a1818a5e4a,* Excluído * Absolut Raspberri - dose,VENDA_SIMPLES,true,false,,0,2,0,0,0,0,
AUTO_NFE,cef7d1b8-2d72-47ba-a624-1c646b00ff78,Vinagre,INSUMO,,true,,0,2,0,0,0,0,
AUTO_NFE,435975df-92cc-429c-8b48-3a6d7bf0323e,granulado chocolate,INSUMO,false,true,,0,3,0,0,0,0,
AUTO_NFE,a9053f69-3362-4070-aeac-b70630ec67d3,LIMÃO SICILIANO,VENDA_SIMPLES,false,false,,0,1,0,0,0,0,
DESCONTINUADO,4b26451d-2b73-47a3-8a11-d186d8ef4e8d,* Excluído * Entrada - 01,VENDA_SIMPLES,true,false,,0,1,0,0,0,0,
AUTO_NFE,3524233d-f74c-4dc1-b857-9d8b9f0b3f53,Vinho Tinto Tignanello 2021,VENDA_SIMPLES,false,true,,0,5,0,0,0,0,
DESCONTINUADO,0350a6e1-58f6-4bb6-8594-e407881d272f,* Excluído * Carne e fritas,VENDA_SIMPLES,true,false,,0,2,0,0,0,0,
AUTO_NFE,16a5b791-8669-408b-a231-5d63e6e48447,Salmão grelhado - AVENIDA BEIRA MAR,VENDA_SIMPLES,false,false,,0,5,0,0,0,0,
NUNCA_VENDIDO,389fda2a-ed49-43a4-aa58-a473d2f7bc21,nozes picadas,INSUMO,false,true,,0,0,0,0,0,0,
AUTO_NFE,b640eb54-43cd-4a8f-98e4-139e77036413,GELEIA DE PIMENTA,INSUMO,false,true,,0,1,0,0,0,0,
AUTO_NFE,f5d89306-942d-4fb5-86e2-294f41005fd2,PORCAO DE ARROZ COM BROCOLIS,VENDA_SIMPLES,false,false,,0,6,0,0,0,0,
AUTO_NFE,48ecbc5f-c0e9-4301-a54e-5fe45f9ea762,CREME BRULLE DE OURICURI,VENDA_SIMPLES,false,true,,0,7,0,0,0,0,
AUTO_NFE,a0ba810b-ce25-45ee-98b3-fe07778ef136,Massa do Pão Pita - 200g,INSUMO,false,true,,0,14,0,0,0,0,
AUTO_NFE,c16b176b-0e71-4189-a5df-e0cc0dc97454,BEBIDA SEM ALCOOL,VENDA_SIMPLES,false,false,,0,7,0,0,0,0,
AUTO_NFE,90fac5cf-a85c-4327-9674-30e369386428,Vinho Tinto Tiago Cabaco Vinhas Velhas,VENDA_SIMPLES,false,true,,0,5,0,0,0,0,
NUNCA_VENDIDO,41af4469-2b39-4cac-85ae-24675ebd9947,Carré de cordeiro 300g,INSUMO,false,true,,0,0,0,0,0,0,
DESCONTINUADO,5816a36a-1aa4-4278-a898-ce9ecfc4be45,* Excluído * Açaí,INSUMO,true,true,,0,0,0,0,0,0,
NUNCA_VENDIDO,ef8eb80c-7484-443d-aa2e-c47e67352048,MORANGO FRUTA,INSUMO,false,true,,0,0,0,0,0,0,
DESCONTINUADO,3c9af1c5-a3c3-4b3d-a3d7-cca21c3390e1,* Excluído * Atum,INSUMO,true,true,,0,0,0,0,0,0,
AUTO_NFE,e6aaa614-7c95-4b7d-b092-c0729127e3ad,Filé em cubos ao molho quatro queijos,VENDA_SIMPLES,false,false,,0,15,0,0,0,0,
AUTO_NFE,0edfb784-9dcf-4735-b1e3-0140185c10f0,Torteli recheado de ricote e espinafre na manteiga de ervas,VENDA_SIMPLES,false,false,,0,2,0,0,0,0,
DESCONTINUADO,89f083aa-07f6-480e-9180-2f2010ab8dfc,* Excluído * Tortelli (Valor do kg),INSUMO,true,true,,0,0,0,0,0,0,
AUTO_NFE,29a77e0f-a113-440e-b10a-d13cf456597a,Vinho Branco Pera Manca,VENDA_SIMPLES,false,true,,0,14,0,0,0,0,
AUTO_NFE,f6bd4288-a867-4844-ba6a-d75d9b405464,PORCAO DE  FETTUCCINE,VENDA_SIMPLES,false,false,,0,1,0,0,0,0,
NUNCA_VENDIDO,d6319a01-df70-494d-a5ea-9c66e292fc4c,PICLES CEBOLA ROXA,INSUMO,false,true,,0,0,0,0,0,0,
AUTO_NFE,e10c65cf-506b-4855-8bb1-7d12fbf7b4d6,Agua Com Gas Petropolis Pet,VENDA_SIMPLES,false,true,,0,16,0,0,0,0,
DESCONTINUADO,442c4d5a-1cb4-4bcd-8c99-8922a5e1be73,* Excluído * Farinha de Trigo,INSUMO,true,true,,0,6,0,0,0,0,
DESCONTINUADO,0882e4b1-6d42-41f5-bf7d-186032f66af1,* Excluído * Sorvete de morango,INSUMO,true,true,,0,0,0,0,0,0,
DESCONTINUADO,b9edd54f-8b65-4214-883d-9c0a05d88016,* Excluído * Prato - 03,VENDA_SIMPLES,true,false,,0,0,0,0,0,0,
DESCONTINUADO,172c2572-82ed-45c6-b3d6-487953b11d36,* Excluído * Contagem antiga Carpaccio - DUPLICADO,INSUMO,true,true,,0,1,0,0,0,0,
AUTO_NFE,c9754950-d6e0-4635-a07d-ef21b5128415,Presunto Parma - 5g,INSUMO,false,true,,0,3,0,0,0,0,
NUNCA_VENDIDO,8cab93a2-507e-409a-8aa9-65c5bb25355d,Robalo crocante empanado - Executivo,VENDA_SIMPLES,false,false,,0,0,0,0,0,0,
NUNCA_VENDIDO,b1d1331d-0574-4fb5-ae1b-6b008d02814a,Seu Amintas,VENDA_SIMPLES,false,false,,0,0,0,0,0,0,
DESCONTINUADO,3abe0039-cb4f-4868-a600-3d267245a34e,Espumante Almaden Demi-Sec,VENDA_SIMPLES,true,true,,0,0,0,0,0,0,
AUTO_NFE,331e37ae-c257-41c4-baaf-5963fb2716cf,Filé ao demi glace - AVENIDA FRANCISCO PORTO,VENDA_SIMPLES,false,false,,0,9,0,0,0,0,
NUNCA_VENDIDO,93f841fd-8bf9-4234-b04d-1587c628f52f,GORGONZOLA,INSUMO,false,true,,0,0,0,0,0,0,
AUTO_NFE,5ce6f5d7-4ef6-4a55-b76a-19fd1c0e3110,Parmesao,INSUMO,false,true,,0,3,0,0,0,0,
DESCONTINUADO,7babc621-35f4-4628-bcf9-1baf183b24dd,* Excluído * Campari Garrafa,VENDA_SIMPLES,true,false,,0,1,0,0,0,0,
DESCONTINUADO,90e9d6d2-69cd-4cce-8523-2a8a6eac1e92,* Excluído * Robalo com arroz de coco,VENDA_SIMPLES,true,false,,0,7,0,0,0,0,
DESCONTINUADO,7d52d638-7452-414f-9986-22b13db67bc1,* Excluído * Picanha com triângulo de macaxeira,VENDA_SIMPLES,true,false,,0,4,0,0,0,0,
AUTO_NFE,f10571c0-8c94-494d-b470-5f7e4323c368,Vinho Tinto Cortes de Cima,VENDA_SIMPLES,false,true,,0,5,0,0,0,0,
AUTO_NFE,dfa761ef-59b1-4826-8be8-82216ee2d4f4,BAIÃO DE DOIS TABUARÁ,VENDA_SIMPLES,false,false,,0,1,0,0,0,0,
AUTO_NFE,0a4e431c-2118-4fb3-b331-3566b2b642fe,Vinho Tinto Rizieri Barolo,VENDA_SIMPLES,false,true,,0,5,0,0,0,0,
NUNCA_VENDIDO,8158e6ce-efb0-463f-bfea-586491efa80a,Calda de gengibre,INSUMO,false,true,,0,0,0,0,0,0,
DESCONTINUADO,04b18a4e-2653-4681-8f3a-869293471f45,* Excluído * Prato - 09,VENDA_SIMPLES,true,false,,0,0,0,0,0,0,
AUTO_NFE,dc0f548f-9e97-4a35-b344-3e6823454df1,Pote 1000ml,INSUMO,,true,Utensílios,0,5,0,0,0,0,
DESCONTINUADO,79fda9ac-f4e3-4d5b-973d-39b5f42cf353,* Excluído * PANNACOTA COM GELEIA DE FRUTAS VERMELHAS,VENDA_SIMPLES,true,false,,0,2,0,0,0,0,
AUTO_NFE,fe6b17f7-135e-403a-8ee9-e16fea8aa065,Absolut 1L,INSUMO,false,true,,0,2,0,0,0,0,
DESCONTINUADO,2fb74eb6-bea0-4664-81ec-2f6a624e476d,* Excluído * Ypioca 150 anos,INSUMO,true,true,,0,0,0,0,0,0,
AUTO_NFE,92e20d73-dd12-4d0a-aa9e-96d78b8d5657,Maria guarda de 750ml - Ouro Amburana,INSUMO,false,true,,0,16,0,0,0,0,
AUTO_NFE,f5de739c-5c01-4399-a396-9180ba8dd350,Agua Sem gas Minalba lata,VENDA_SIMPLES,false,true,,0,24,0,0,0,0,
NUNCA_VENDIDO,c16cb501-b179-4ea1-b7c0-d4851ef6b526,CACHAÇA YPIOCA,INSUMO,false,true,,0,0,0,0,0,0,
AUTO_NFE,957deb49-6144-404f-b9e7-2748f4c2e542,embalagem,VENDA_SIMPLES,false,false,,0,2,0,0,0,0,
AUTO_NFE,da6e4a76-513e-41ab-a774-22ff4d752133,Vinho Tinto Dourosa,VENDA_SIMPLES,false,true,,0,5,0,0,0,0,
AUTO_NFE,1e17c87c-3703-475c-963f-cc6b3341875c,RISOTO DE LIMÃO SICILIANO,VENDA_SIMPLES,false,false,,0,1,0,0,0,0,
AUTO_NFE,3e5e8340-e737-409c-8d3d-22f92ce89528,Vinho Tinto Mouchao,VENDA_SIMPLES,false,true,,0,5,0,0,0,0,
AUTO_NFE,b144e9be-59ae-46d5-9521-56895ea9b7d4,Fettuccine - Porção (160g),INSUMO,false,true,,0,1,0,0,0,0,
NUNCA_VENDIDO,560decbf-b4b5-4342-9b21-b0dba03bc2b6,TORANJA,VENDA_SIMPLES,false,false,,0,0,0,0,0,0,
DESCONTINUADO,c687e9c3-b291-40fe-83d5-7ea9d035af00,* Excluído * File mignon com risoto de aspargos  - Evento 23/05,VENDA_SIMPLES,true,false,,0,10,0,0,0,0,
AUTO_NFE,3edba589-9920-4d3d-b9d7-df454cb9c4ff,Farinha de trigo,INSUMO,false,true,,0,6,0,0,0,0,
DESCONTINUADO,b565b225-d1d3-4f92-8548-7231d4c856d9,* Excluído * Farinha panko,INSUMO,true,true,,0,6,0,0,0,0,
AUTO_NFE,77c3b1d4-18e6-43b1-b271-27a5fa0a08b1,Grey Goose 750ml,INSUMO,false,true,,0,14,0,0,0,0,
DESCONTINUADO,0ede3287-e5ed-4397-afc6-d3c780bc9e78,* Excluído * Vinho Tinto Cabriolet,VENDA_SIMPLES,true,true,,0,5,0,0,0,0,