orfao_id,descricao,fornecedor_nome,nota_numero,data_emissao,melhor_produto_id,melhor_produto_nome,melhor_score,segundo_score,ambiguo,faixa
56b8ff38-4cd0-43b0-bfac-e378bfac2d87,LICOR AMARETTO,2SIS COMMERCE,7884,2026-03-30,82b14f75-31ce-4c19-af79-f48ccea90b88,Licor Bananinha,0.3333,0.1667,false,0.20-0.40
41cc44f8-d18a-48d8-b819-c55cc99cfb3e,PINCA PARA ESPINHA DE PEIXE,Shopping de utilid. e equip. comercio e rep. ltda,38427,2026-02-09,026befa9-4b9d-444d-93b0-c8bedcfe5728,Xarope de Baunilha,0.1429,0.1429,true,<0.20
8a42688b-e2e8-4043-8d7f-0f520cba0ea6,MASSA FRESCA ESPECIAL,Alessandro D Anneo (Massa Nero),202612123,2026-02-09,e55551e7-c06a-4962-b7c9-aaf683791d8d,Cereja fresca,0.2500,0.2500,true,0.20-0.40
d15851ac-9b60-45f7-9553-73340b58091a,ISQUEIRO BIC MAXI GR.C/12 DG(22)59135,COMEL,592299,2026-02-09,9ddf3d03-cc9f-4cb3-97d2-a6632fce9597,Plástico filme grande,0.1000,0.0909,true,<0.20
a54650b4-244a-48b2-a0e9-0cef5de25d75,LUVA NITRILICA PRETA GR.C/100 VABENE(10)3073IND,COMEL,592299,2026-02-09,30688e36-2eda-4642-a58c-d7371ec6bdf5,Escalope 100g,0.1000,0.1000,true,<0.20
974585b4-eac2-419d-95a3-8194b91763a5,POTE ULTRA 100ML.TRANS.SORV.C/50(40)582002,COMEL,592299,2026-02-09,d0763142-efce-4679-b1e8-ac10efc84350,Pote 1500ml,0.2000,0.2000,true,0.20-0.40
ce472db4-6c27-43e2-9aad-2bd7271fb827,POTETAMPA PLASZ.220GR.C/25(22)226666,COMEL,592299,2026-02-09,9ddf3d03-cc9f-4cb3-97d2-a6632fce9597,Plástico filme grande,0.1111,0.1000,true,<0.20
6620b14c-eb91-47a8-8a5f-6d6deba5eb32,SACOS A VACUO 2KG 20X35.12 C/100 ALIPROT(500)23054,COMEL,592299,2026-02-09,30688e36-2eda-4642-a58c-d7371ec6bdf5,Escalope 100g,0.0909,0.0909,true,<0.20
ede69a59-1959-46c9-8d03-ef671f40e4ec,SACOS PL.1/2KG.12X25X10C/100 PLASF(4MIL)1395,COMEL,592299,2026-02-09,30688e36-2eda-4642-a58c-d7371ec6bdf5,Escalope 100g,0.0909,0.0909,true,<0.20
29f9c7cf-e055-40c6-a693-130bbe177f14,START GRILL DESINCR.5LT. ALCAL(15)(04)71440,COMEL,592299,2026-02-09,86d07cce-1977-460a-b374-70294b02f91f,COCA LATA ZERO,0.1000,0.0909,true,<0.20
e138feba-572e-4496-811e-9f58d550c2a2,TAMPAS PT100 CP120150/180/200 C/50 ULTRA(40)592001,COMEL,592299,2026-02-09,d391566d-58d4-43a8-b222-ccdf0b052af1,Salmao 200g,0.0833,0.0833,true,<0.20
b53586cc-a6dc-4dee-b191-19f227493de3,FLOCAO PINDORAMA 400G 20 UNID,ROCHA LATICINIOS E EMBALAGENS,1889,2026-02-10,81d2ca26-4119-4655-a433-3c6de973866b,H20 Limão,0.1667,0.1429,true,<0.20
ee675896-701f-41a8-b7ed-fc3e1270f739,ACUCAR PINHEIRO FARDO C/30UND,ROCHA LATICINIOS E EMBALAGENS,1889,2026-02-10,3e68caa0-87c4-4689-8f8b-cd943486c53c,Camarão 36/40 - Pistola/Cinza (2 UN) 30g,0.2000,0.2000,true,0.20-0.40
efa69923-9ece-4ac2-98f8-34878351fcc6,"ALUMINIO VABENE 45CMX7,5M",ROCHA LATICINIOS E EMBALAGENS,1889,2026-02-10,ca9f468c-8560-4d9a-833f-0773ec01f129,Papel alumínio,0.2000,0.0000,false,0.20-0.40
d2c8f321-9184-4ab0-9016-148a44681222,PIMENTA CALABRESA KG,ROCHA LATICINIOS E EMBALAGENS,1889,2026-02-10,1f492d2e-a26f-4b0e-af85-437e24be210f,* Excluído * Calabresa,0.2500,0.2500,true,0.20-0.40
ccf2a61e-d6c9-421b-afbe-e3a23391eb0f,QUEIJO PRE COZIDO KG,ROCHA LATICINIOS E EMBALAGENS,1889,2026-02-10,e5a0c0d1-cf0c-4232-9721-e8a2589ec119,Cenoura kg,0.2000,0.2000,true,0.20-0.40
86a4d913-a3f7-4fdf-be48-bf4489fd11ed,PARMESAO KG,ROCHA LATICINIOS E EMBALAGENS,1889,2026-02-10,5ce6f5d7-4ef6-4a55-b76a-19fd1c0e3110,Parmesao,0.5000,0.3333,false,0.40-0.60
f6372861-981e-4890-ba40-bbd59bd92384,BOV PICANHA BLACK FRIBOI KG GRANEL,Megga distribuidora ltda,529342,2026-02-10,263232ed-d162-496b-9a78-9882e8b199f7,Picanha,0.1667,0.1429,true,<0.20
1854b390-bf4f-4658-bb74-f1811e7bd60e,Calculadora de mesa cbobina12 digitos 42MA51210000 CX 1 UN,Kalunga SA,65094,2026-02-11,6c00d286-aead-4946-8738-f2ae869b99fc,* Excluído * Disco de Macaxeira (ver quantidade da unidade),0.1176,0.0769,true,<0.20
dcdb8f06-8b37-48f3-a1d3-ac7f1f9a6618,Elastico super amarelo n.18 c200un. B0501020407008 PT 1 UN,Kalunga SA,65094,2026-02-11,d391566d-58d4-43a8-b222-ccdf0b052af1,Salmao 200g,0.1111,0.1111,true,<0.20
8019a3fb-ecf4-4124-b66f-5ea80f5a8ab2,Movimento do caixa entrada 100fls 105x147mm 203 UN 1 UN,Kalunga SA,65094,2026-02-11,30688e36-2eda-4642-a58c-d7371ec6bdf5,Escalope 100g,0.0833,0.0833,true,<0.20
37f91916-18bf-4234-bb76-7eb442a3aebd,Bobina calculadora 57mmx30m . 88949 UN 1 UN,Kalunga SA,65094,2026-02-11,3e68caa0-87c4-4689-8f8b-cd943486c53c,Camarão 36/40 - Pistola/Cinza (2 UN) 30g,0.1667,0.1111,true,<0.20
0d480fdc-e522-4c30-94e1-5b31d68edcfc,Caneta esferografica 1.0mm cristal lev4 pag3 868795 BT 4 UN,Kalunga SA,65094,2026-02-11,574249e0-105a-4240-963e-ad62bb6337ee,Polvo por unidade,0.0909,0.0909,true,<0.20
5fb0f7d4-8ff9-461a-a439-24ec657a2cbc,Extrator de grampo espatula galvanizado 4968 CX 1 UN,Kalunga SA,65094,2026-02-11,16817a72-df05-4d1e-b367-dfc5b1b809fb,Espátula de silicone,0.2222,0.1429,true,0.20-0.40
3a8dec34-4aa1-4028-a93b-d8c733ed5439,Bobina termica para PDV 80mmx40m 64631 CX 10 UN,Kalunga SA,65094,2026-02-11,3e68caa0-87c4-4689-8f8b-cd943486c53c,Camarão 36/40 - Pistola/Cinza (2 UN) 30g,0.1250,0.0769,true,<0.20
174cf0b1-85b3-4227-a920-6f80fa034ff6,Pasta celast.polip. A4 transparente line A02 PT 1 UN,Kalunga SA,65094,2026-02-11,574249e0-105a-4240-963e-ad62bb6337ee,Polvo por unidade,0.1000,0.1000,true,<0.20
075e9634-112d-45ea-a994-a3eff862dd8b,VH TTO VILLA  ANTINORI IGT 750ML,Vinhedo distribuidora e locacao ltda,21957,2026-02-13,f233675c-044d-4f20-a3ff-9d1a106fd764,Vinho Tinto Villa Antinori,0.5714,0.3750,false,0.40-0.60
08ec167d-b254-4689-a6b7-43ed9b23280e,VH BCO VILLA ANTINORI 750 ML,Vinhedo distribuidora e locacao ltda,21957,2026-02-13,d753d3ec-9263-402d-a6f5-f644f851f344,Vinho Branco Villa Antinori,0.6667,0.4286,false,0.60-0.75
ebd8247f-a49e-41e2-af55-3fb6c36cc287,VH TTO MAYOR CASTILLA RESERVA 750 ML,Vinhedo distribuidora e locacao ltda,21957,2026-02-13,aca8b6f8-2eea-4741-9176-55262c8ebf2b,Vinho Tinto Mayor de Castilla Reserva,0.6250,0.3750,false,0.60-0.75
0ea2cf25-1f8e-4982-a20e-3d85a76b2835,VH TTO ANGELICA ZAPATA MALBEC 750 ML,Vinhedo distribuidora e locacao ltda,21957,2026-02-13,cf5611f1-56e7-46c6-bf70-242ff0ca2465,Vinho Tinto Angelica Zapata Malbec Alta,0.6250,0.3750,false,0.60-0.75
80d8c9be-2f50-44ad-ba66-65d866fec579,VH TTO LUIGI BOSCA MALBEC 750 ML,Vinhedo distribuidora e locacao ltda,21957,2026-02-13,b3cbd71b-54b3-4cf8-9360-f1aaa538f44e,Vinho Tinto Luigi Bosca Malbec,0.7143,0.3750,false,0.60-0.75
12cc628a-b5c8-4b96-a0fd-6f4392f4a0d4,VH TTO PAULO LAUREANO NOSSO TERROIR 750 ML,Vinhedo distribuidora e locacao ltda,21957,2026-02-13,4b0ab815-efb5-40a4-bedb-22e7324077e1,Vinho Tinto Paulo laureano Nosso Terroir,0.7500,0.6000,false,0.75-0.85
ead7c088-ff67-43fa-bc64-21cff61b9e28,VH TTO PAULO LAUREANO CLASSICO 750 ML,Vinhedo distribuidora e locacao ltda,21957,2026-02-13,28fc6a1a-b541-450f-a9ea-74e1b4ed0ea3,Vinho Tinto Paulo Laureano Classico Portugues 750ml,0.8750,0.7500,false,0.85-0.95
9237d3be-a4d0-4a4e-b03b-43b0eab491ff,VH BCO BIANCO PUGLIA 750 ML,Vinhedo distribuidora e locacao ltda,21957,2026-02-13,64b612bc-5dec-49fb-b718-c7ee4cfda7dd,Vinho Branco Bianco Puglia IGP,0.5714,0.2857,false,0.40-0.60
66e7dd6b-ffb0-4e88-8072-827be333401a,POTE ULTRA 100ML.TRANS.SORV.C/50(40)582002,COMEL,592853,2026-02-13,d0763142-efce-4679-b1e8-ac10efc84350,Pote 1500ml,0.2000,0.2000,true,0.20-0.40
cbc50ee6-0a59-480d-b351-0b9f2f993712,POTETAMPA PLASZ.220GR.C/25(22)226666,COMEL,592853,2026-02-13,9ddf3d03-cc9f-4cb3-97d2-a6632fce9597,Plástico filme grande,0.1111,0.1000,true,<0.20
0346b4f8-b13c-4f9f-87fe-45288dcd63ba,TAMPAS PT100 CP120150/180/200 C/50 ULTRA(40)592001,COMEL,592853,2026-02-13,d391566d-58d4-43a8-b222-ccdf0b052af1,Salmao 200g,0.0833,0.0833,true,<0.20
db5124ec-9942-48a0-b609-067eb8015164,CGF Shiitake Kg,CASA FUNGHI,1818,2026-02-13,e5a0c0d1-cf0c-4232-9721-e8a2589ec119,Cenoura kg,0.2500,0.2000,true,0.20-0.40
d580079c-30f7-4a46-b781-e9db359e305a,CG Shimeji Preto 200g,CASA FUNGHI,1818,2026-02-13,cf92c76d-5cc4-4ae1-beaf-0eb29fb755cd,Shimeji,0.2500,0.2000,true,0.20-0.40
06fb7f98-cc5f-4eb9-9462-88f55d02047a,CGF Shimeji Preto Kg,CASA FUNGHI,1818,2026-02-13,cf92c76d-5cc4-4ae1-beaf-0eb29fb755cd,Shimeji,0.2500,0.2000,true,0.20-0.40
7b5bd78a-e331-45f4-aa81-21a1422cd966,VINHO POR MONTE VELHO TTO 750ML GRF VD,Megga distribuidora ltda,531865,2026-02-14,884ff453-435f-4d1c-ad09-79f3137f4848,Vinho Tinto Monte Velho Esporao,0.4000,0.3077,true,0.40-0.60
78fc53e2-3c2e-4c86-9785-ff68ee7ace61,VINHO POR MONTE VELHO BCO 750ML GRF VD,Megga distribuidora ltda,531865,2026-02-14,402f3816-5469-43ab-9b4b-9240d7daf253,Vinho Branco Esporao Monte Velho,0.4000,0.2727,false,0.40-0.60
b99a1fcb-ab59-4e94-bdaa-ad2c3b2d8fb1,VINHO POR SERRAS DE AZEITAO TTO 750ML GRF VD,Megga distribuidora ltda,531865,2026-02-14,f73d1447-6670-4ed9-81d1-9c10e903f818,Ciroc garrafa de 750ml,0.3636,0.3333,true,0.20-0.40
7a76de18-ca5d-4e69-bf9d-409dbc7d65fb,CHOC MINI TALENTO 15X25G AVELA,Assai atacadista,98865,2026-02-14,4c1273cc-9d0e-462d-bc93-8efffa0afc16,* Excluído * Chocolate,0.1429,0.1429,true,<0.20
1490dc55-b593-4f50-a03f-f2771b6cfcd2,QJ T MUSS NATVILLE KG,Assai atacadista,98865,2026-02-14,e5a0c0d1-cf0c-4232-9721-e8a2589ec119,Cenoura kg,0.2000,0.2000,true,0.20-0.40
542d91e7-a2b1-4dbc-9a95-662a98cf4fc5,QJ T PARM TIROLEZ KG,Assai atacadista,98865,2026-02-14,e5a0c0d1-cf0c-4232-9721-e8a2589ec119,Cenoura kg,0.2000,0.2000,true,0.20-0.40
61da0dba-e92c-4293-a5c5-eeb5c4bc1643,GUARDANAPO LISO 25 X 40 CM DOBRADA - TABUARA C/100,Relevo artefatos de papel ltda,59119,2026-02-17,30688e36-2eda-4642-a58c-d7371ec6bdf5,Escalope 100g,0.1111,0.1111,true,<0.20
8e6060e8-3a60-4230-824e-6fcbd47a7f4e,Mix Flores G ( 15 Uni),Cultive-se Horta vertical,2085,2026-02-18,53deb93e-c410-4ec4-970b-58f4073f36b0,Uisque Macallan 15 anos,0.1429,0.1429,true,<0.20
8feb4cec-a9e4-4833-b5ec-bfbd9eb0a09a,Microverdes de Beterraba  Peso:Kraft 40g,Cultive-se Horta vertical,2085,2026-02-18,026befa9-4b9d-444d-93b0-c8bedcfe5728,Xarope de Baunilha,0.1250,0.1250,true,<0.20
3a5804c2-a910-4572-94bf-bf322e035620,Microverdes de Couve Peso:Kraft 40g,Cultive-se Horta vertical,2085,2026-02-18,026befa9-4b9d-444d-93b0-c8bedcfe5728,Xarope de Baunilha,0.1250,0.1250,true,<0.20
952dbd49-390c-45fd-98c4-ad14c65fcb0d,"BALANCA DIGITAL DE COZINHA 10KG, QUALITY HOUSE",pinguim comercio varejista,4267,2026-02-19,e5a0c0d1-cf0c-4232-9721-e8a2589ec119,Cenoura kg,0.1111,0.1000,true,<0.20
543ca769-3262-49af-92e0-aaf1d0805acd,"BALANCA DIGITAL DE PLASTICO 20CM X 13,3CM, FENIMA",pinguim comercio varejista,4267,2026-02-19,85130314-5a4a-483d-9a90-0c43796a5825,Chips de Batata Peruana Roxa (20 g),0.1667,0.1667,true,<0.20
61a0b703-e2b7-4bb3-a591-06df5c8f3576,"COPO MEDIDOR 500ML, PANAMBY",pinguim comercio varejista,4267,2026-02-19,852a1ba1-fcea-4991-8f85-ad178cf87af0,Cachaça Bananinha 500ml,0.2857,0.1818,false,0.20-0.40
64ec7cd3-5184-4ed7-b521-904d3fdbfc35,BISCOITO MAISENA 350G,ROCHA LATICINIOS E EMBALAGENS,1923,2026-02-20,8a95644b-9ac2-4333-a8b4-b187c760201d,BISCOITO AMANTEIGADO,0.2500,0.2500,true,0.20-0.40
ec5b3315-121f-49a4-95fc-006bb0373d2a,CHANTILLY MIX AMELIA 1L,ROCHA LATICINIOS E EMBALAGENS,1923,2026-02-20,2af407d2-0df9-4da4-a408-a3aee4c5814d,mix de frutas vermelhas,0.1667,0.0000,false,<0.20
c0aefe93-e915-4cce-87c4-d7570eb81fb0,AGUA SANITARIA DRAGAO,ROCHA LATICINIOS E EMBALAGENS,1923,2026-02-20,a2e8883b-0af6-4450-b887-8b204983d80a,AGUA TONICA,0.2500,0.2000,true,0.20-0.40
ce9fda6b-e800-4644-a364-e96d2cc765a3,PANO DE CHAO MICROFIBRA,ROCHA LATICINIOS E EMBALAGENS,1923,2026-02-20,026befa9-4b9d-444d-93b0-c8bedcfe5728,Xarope de Baunilha,0.1667,0.1667,true,<0.20
9da00b68-45e0-4168-97aa-f506845f57c5,ESCOVA PARA LAVAR CONDOR,ROCHA LATICINIOS E EMBALAGENS,1923,2026-02-20,c6f8cff5-26ec-4862-9268-f83801fa1a99,Vinho Tinto Condor Cabernet Sauvignon,0.1250,0.1111,true,<0.20
c1d5cdc8-2a68-441c-9cb5-cc1ab512c57f,"CALABRESA RETA SABOREAR 2,5KG",ROCHA LATICINIOS E EMBALAGENS,1923,2026-02-20,1f492d2e-a26f-4b0e-af85-437e24be210f,* Excluído * Calabresa,0.2000,0.2000,true,0.20-0.40
d7962713-641a-4e93-8451-5081f5465d2a,SAL GROSSO IODADO LEBRE1KG,ROCHA LATICINIOS E EMBALAGENS,1923,2026-02-20,8271985a-fe59-4390-b57c-085573cc6e49,Salmão,0.2000,0.1667,true,0.20-0.40
36acdbb2-3979-4139-9c18-465e445815b2,AZEITE ALBERO DOLIVA GOURMET 5L,ROCHA LATICINIOS E EMBALAGENS,1923,2026-02-20,4f0db131-c7c2-4139-b235-58728c4fc9d4,AZEITE TRUFADO,0.2000,0.1667,true,0.20-0.40
ee12fe20-a500-4c0a-a302-20bd33a87e0e,FILME ISOFILMES 300X9X800M,ROCHA LATICINIOS E EMBALAGENS,1923,2026-02-20,15dd7098-ef1e-49ac-89a8-eab708a6ae5b,Batata Gratan (300 g),0.1667,0.1667,true,<0.20
8f2c7e75-57ce-4d6b-ac09-0357f7cadcd5,"CREME DE LEITE ITALAC 15% GORD 1,03KG TP",Megga distribuidora ltda,533971,2026-02-21,d9dfc4be-c730-4d46-b722-62a7b924fae9,creme de leite fresco,0.3000,0.3000,true,0.20-0.40
b271325c-62c3-414d-acc4-74d3196b29f7,CHOCOLATE BARRA GENUINE MEIO AMARGO 1KG PCT,Megga distribuidora ltda,533971,2026-02-21,f1bc7667-e368-4eeb-8a06-855c49bd443f,chocolate meio amargo,0.4286,0.1250,false,0.40-0.60
7f42a342-1a65-428e-a79b-d27cd517022a,"CHOCOLATE BARRA GENUINE BRANCO 2,1KG PCT",Megga distribuidora ltda,533971,2026-02-21,26a62601-a3b4-4a5d-9949-e8c8a32b74ee,chocolate branco,0.3333,0.1429,false,0.20-0.40
32cabcf0-ddcc-4e0a-844c-b6f9affdcafb,CREME DE CHANTILLY CHANTY MIX TRAD 1L TP,Megga distribuidora ltda,533971,2026-02-21,c2efcf01-5c05-471d-8daa-ecdc374e951a,Sorvete de creme,0.2500,0.2222,true,0.20-0.40
33a520ca-e1ad-471e-9ffa-c519b9e8d129,GOMA TAPIOCA GRANULADA PARAGUASSU 500G PCT,Megga distribuidora ltda,533971,2026-02-21,bc9582c3-7e65-4e85-9543-8d455791a404,Goma de tapioca,0.2857,0.2857,true,0.20-0.40
55d94789-4691-4d37-aa19-4e9bf84ed92b,LINGUICA SUINA NUTRIBRAS CONG 5KG PCT,Megga distribuidora ltda,533971,2026-02-21,e5a0c0d1-cf0c-4232-9721-e8a2589ec119,Cenoura kg,0.1429,0.1429,true,<0.20
4377a1c0-c767-48d6-aecc-b8c4724ef541,SALSICHA HOT DOG REZENDE 5KG PCT,Megga distribuidora ltda,533971,2026-02-21,e5a0c0d1-cf0c-4232-9721-e8a2589ec119,Cenoura kg,0.1429,0.1250,true,<0.20
d802117a-7b5e-46e8-be40-9ce8de546b42,"LINGUICA CALABRESA REZENDE RETA 2,5KG PCT",Megga distribuidora ltda,533971,2026-02-21,1f492d2e-a26f-4b0e-af85-437e24be210f,* Excluído * Calabresa,0.1429,0.1429,true,<0.20
36f65636-77fa-4f98-b590-a9749c0d0566,PRESUNTO CRU ESP JAMON SERRANO INTERF80G PCT,Megga distribuidora ltda,533971,2026-02-21,d9abf67c-8dab-4a5b-89b6-bf72c7fd7647,* Excluído * Presunto,0.1111,0.1111,true,<0.20
80562701-15e9-427e-98e3-2eae081b0a90,FARINHA TRIGO FARINA TP1 S/FERM 1KG PCT,Megga distribuidora ltda,533971,2026-02-21,3edba589-9920-4d3d-b9d7-df454cb9c4ff,Farinha de trigo,0.2500,0.2222,true,0.20-0.40
51ac4a8a-22c8-4523-afe8-8d76166e4d06,MOLHO SHOYU MITSUWA PREMIUM 5L GL,Megga distribuidora ltda,533971,2026-02-21,aae78cd4-bbd6-42c1-87ba-3a9cff5acf77,Shoyu,0.2000,0.1667,true,0.20-0.40
672da0b2-d0c3-4c39-af4f-d5f635540f7b,"OLEO ALGODAO LIZA 14,5KG BD",Megga distribuidora ltda,533971,2026-02-21,e5a0c0d1-cf0c-4232-9721-e8a2589ec119,Cenoura kg,0.1429,0.1250,true,<0.20
e8c9cb83-9f23-4f33-a6ed-7ddfa6ec4442,"BATATA CONG MCCAIN FININHAS 1,2KG AIRFRYER",Assai atacadista,131480,2026-02-21,e5a0c0d1-cf0c-4232-9721-e8a2589ec119,Cenoura kg,0.1429,0.1429,true,<0.20
3fde47ab-ab30-4201-ac13-0becb686ab6e,"Cerv Heineken Pil 0,60Gfa Rt 24Un",HNK BR Bebidas ltda,403041,2026-02-23,8041bffc-0bc1-4d87-9f27-b75245902f83,Carpaccio - 60g,0.1111,0.1111,true,<0.20
36530a9c-f440-4664-b563-cb2894ebcaa7,"Cerv Amstel Lager 0,60l Gfa Rt 24un",HNK BR Bebidas ltda,403041,2026-02-23,8041bffc-0bc1-4d87-9f27-b75245902f83,Carpaccio - 60g,0.1111,0.1000,true,<0.20
d5f2f78c-752d-47e7-a629-d11bdc041691,Mix Flores G ( 15 Uni),Cultive-se Horta vertical,2109,2026-02-24,53deb93e-c410-4ec4-970b-58f4073f36b0,Uisque Macallan 15 anos,0.1429,0.1429,true,<0.20
81cd014e-0a9a-4664-be89-760782e02164,Microverdes de Beterraba  Peso:Kraft 40g,Cultive-se Horta vertical,2109,2026-02-24,026befa9-4b9d-444d-93b0-c8bedcfe5728,Xarope de Baunilha,0.1250,0.1250,true,<0.20
494b8b5b-661b-4a68-8e24-5aaf87522718,Microverdes de Couve Peso:Kraft 40g,Cultive-se Horta vertical,2109,2026-02-24,026befa9-4b9d-444d-93b0-c8bedcfe5728,Xarope de Baunilha,0.1250,0.1250,true,<0.20
d2620ee3-2981-4ea5-a94e-74564f321ab3,Microverdes de Beterraba  Peso:Kraft 40g,Cultive-se Horta vertical,2127,2026-02-26,026befa9-4b9d-444d-93b0-c8bedcfe5728,Xarope de Baunilha,0.1250,0.1250,true,<0.20
567d93c9-4490-4f36-992c-7fa49828ba7e,Microverdes de Rucula  Peso:30 g,Cultive-se Horta vertical,2127,2026-02-26,b9b79761-891b-4d9c-b2a7-2d96e72dc362,Rucula,0.2000,0.1667,true,0.20-0.40
e02688a8-3de9-42dc-abe6-499f440506e0,AGUA SANITARIA CLORITO 1L,Assai atacadista,100022,2026-02-26,a2e8883b-0af6-4450-b887-8b204983d80a,AGUA TONICA,0.2500,0.2000,true,0.20-0.40
12ecc40b-2d1d-47c2-aa6c-c8f8ac402a5c,APERITIVO APEROL 750ML,Assai atacadista,100022,2026-02-26,6d5dfcb3-c659-47dd-8bb4-4c9441f1042d,Aperol 750ml,0.7500,0.3333,false,0.75-0.85
26f20633-98e6-41fa-8e3a-aef42a310263,BISC MAISENA VITARELLA 350G TRAD,Assai atacadista,100022,2026-02-26,72e2f8be-4b44-493e-b7d8-6c692152f473,Sprite lata 350ml,0.1250,0.1111,true,<0.20
76c7edd6-b30a-4d1c-8adb-0f59b7bc0c9a,DET LIQ BRISA 500ML NEUTRO,Assai atacadista,100022,2026-02-26,ccc9899c-4cd2-4c95-82a7-b237de128472,Detergente neutro,0.3333,0.2500,true,0.20-0.40
17ad3dfb-8428-4da4-b62c-3914c81e2fb0,GIN BEEFEATER 750ML,Assai atacadista,100022,2026-02-26,20167ed5-6ddd-4378-bb43-9b53d6511bee,Gin Tanqueray 750ml,0.6000,0.5714,true,0.60-0.75
25152249-294e-48d5-b48a-074fc2aa245d,IOG NAT VIGOR 150G TRAD,Assai atacadista,100022,2026-02-26,dab19eab-cb59-4453-95f6-07a78b8e8618,Batata Rustica (150 g),0.1429,0.1429,true,<0.20
7fa7b7c3-52ef-4eae-a6a3-74586bd93a36,LAVA ROUPA PO TIXAN SC 400G PRIMAV,Assai atacadista,100022,2026-02-26,a6e6d343-ef57-489d-bc9e-7ef522349231,leite em po,0.1111,0.1111,true,<0.20
71dc5ce9-72cf-423a-9364-1ea0080d2494,LEITE DE COCO SOCOCO 500ML,Assai atacadista,100022,2026-02-26,37c631e3-ebab-4f38-98b3-75edca3a83f7,leite de coco,0.5000,0.2857,false,0.40-0.60
4827dc84-129c-4217-8867-438a5307026d,LEITE PO NINHO SACHET 750G INT,Assai atacadista,100022,2026-02-26,b1fb863b-fa5a-4045-872b-04b6f252965c,* Excluído * Leite Ninho,0.2857,0.2857,true,0.20-0.40
078da22d-d89a-4a72-b580-f1fbc3e2ea92,LICOR FRANGELICO 700ML,Assai atacadista,100022,2026-02-26,49a8defa-548b-4eb8-8a89-ca7fd348477d,Licor Frangelico avela 700ml,0.8000,0.4286,false,0.75-0.85
9e44ab23-5d49-40e5-9cd0-90dc69706b02,LIMP CIF CREMOSO PROFUNDA 450ML BCO,Assai atacadista,100022,2026-02-26,26a62601-a3b4-4a5d-9949-e8c8a32b74ee,chocolate branco,0.1250,0.1111,true,<0.20
85d6c2e9-848f-4dbe-a73c-893b1beb985c,OVO BRANCO GRANDE TAMAGO 30UN,Assai atacadista,100022,2026-02-26,3e68caa0-87c4-4689-8f8b-cd943486c53c,Camarão 36/40 - Pistola/Cinza (2 UN) 30g,0.1818,0.1818,true,<0.20
5dd39c10-d723-4132-82fd-2c447a0aaa11,PAPEL HIG NEVE FD COMPACTO LV24 PG21 30M,Assai atacadista,100022,2026-02-26,dd824b9e-e39d-49cc-8877-c92b22c4881f,Papel higiênico,0.2000,0.0909,false,0.20-0.40
1b5c4363-b096-4d01-99bd-4bc5dcdcdfa0,QJ CREAM CHEESE POLENGHI 1KG,Assai atacadista,100022,2026-02-26,f299b8dc-1865-40c7-9bf0-86fb1cd4f3f5,cream cheese,0.4000,0.3333,true,0.40-0.60
eafb608b-232a-40dd-86b1-a0388419467c,REFRIG ANTARCTICA ZERO 350M GUARANA,Assai atacadista,100022,2026-02-26,144609e0-aa34-45b4-9cef-67496de932bb,* Excluído * Guaraná Antarctica 350ml,0.4286,0.4286,true,0.40-0.60
d2b3c098-c562-441a-8a97-1af24446937a,TOALHA PAPEL ABSOLUTO BCO 60F,Assai atacadista,100022,2026-02-26,8041bffc-0bc1-4d87-9f27-b75245902f83,Carpaccio - 60g,0.1667,0.1667,true,<0.20
dd593ce6-14c0-49a0-a20c-d0a16aa66c39,VINAGRE MARATA 750ML VINHO,Assai atacadista,100022,2026-02-26,6d5dfcb3-c659-47dd-8bb4-4c9441f1042d,Aperol 750ml,0.3333,0.3000,true,0.20-0.40
c02b69f6-f9f9-4b25-9185-d18dafbb98ba,CABO PP 3X2.50MM - VATHISA (1),Eletronica Nacional,31811,2026-02-27,08ec58cc-418e-40b7-a3e6-b8fdf6533c23,Bacon - 50g,0.1667,0.1429,true,<0.20
3bebc96d-00d5-442b-bd98-cc2b34f168db,TOMADA MACHO 3P/20A ABNT (1°L) INTERNEED,Eletronica Nacional,31811,2026-02-27,81d2ca26-4119-4655-a433-3c6de973866b,H20 Limão,0.1667,0.1000,true,<0.20
051165b3-0f1e-4a09-b74a-1225e6a9cc12,FANTA LARANJA 2L FARDO C/6UND,ROCHA LATICINIOS E EMBALAGENS,1958,2026-02-27,f361576c-b9eb-4d54-a6df-94de86d47cf4,* Excluído * Fanta Laranja 350ml,0.2857,0.2857,true,0.20-0.40
03bac1f9-a017-47ad-9918-b09fc7c072e5,MR65 C/ TAMPA 100 UNID.,ROCHA LATICINIOS E EMBALAGENS,1958,2026-02-27,30688e36-2eda-4642-a58c-d7371ec6bdf5,Escalope 100g,0.1667,0.1667,true,<0.20
6d13fb5f-22c2-4dde-8a3e-ca94d6c3d408,FIBRA BETTACO MULT.125X87 BETT(10X20)9500,COMEL,594069,2026-02-27,81d2ca26-4119-4655-a433-3c6de973866b,H20 Limão,0.1000,0.0833,true,<0.20
2d5d55a8-48ae-4939-8422-6be1f6fb9f7f,LUVA NITRILICA PRETA GR.C/100 VABENE(10)3073IND,COMEL,594069,2026-02-27,30688e36-2eda-4642-a58c-d7371ec6bdf5,Escalope 100g,0.1000,0.1000,true,<0.20
8c596f45-86cf-4825-bbda-af6edc618bf5,SAB.LIQ.5LT.ERVA DOCE SUAVE PREM(04)C10304,COMEL,594069,2026-02-27,f7095533-e0ab-4a1b-9e70-c6e1f4a21865,Leite liquido,0.1000,0.0909,true,<0.20
507371dd-0398-4ddc-9eee-42cca21bc2bf,FOLHA DE LOURO KG,Laticionio Rocha,2232,2026-02-27,e5a0c0d1-cf0c-4232-9721-e8a2589ec119,Cenoura kg,0.2000,0.1667,true,0.20-0.40
412e5ffe-e934-4c56-95ac-46aba45d1e94,FARINHA PANKO ROMARIZ 1KG,Laticionio Rocha,2232,2026-02-27,2d3ac7fc-70a0-4443-a6b3-e419f398aad5,Farinha panko,0.5000,0.4000,true,0.40-0.60
999410a3-4f42-4b6c-8d10-a9be2e62d0a7,"GORDURA VEGETAL SINA 14,5KG",Laticionio Rocha,2232,2026-02-27,e5a0c0d1-cf0c-4232-9721-e8a2589ec119,Cenoura kg,0.1667,0.1429,true,<0.20
6b5c02d2-1251-428f-97eb-d142541e350c,AZEITE DE DENDE 1L,Laticionio Rocha,2232,2026-02-27,4f0db131-c7c2-4139-b235-58728c4fc9d4,AZEITE TRUFADO,0.2500,0.2000,true,0.20-0.40
44d037a7-99c6-4f30-b33a-8db954acf54a,"CR CULINARIO UHT DAMARE 1,01KG",Assai atacadista,132310,2026-02-28,fbf49238-b8e4-4026-8649-8b70186bd34f,Creme de leite culinario,0.2500,0.1429,false,0.20-0.40
a0f32dec-e938-4f13-9c98-01885c71029f,P FGO RESF PE MAURICEA FC,Assai atacadista,132310,2026-02-28,a60d6aae-b617-4bb0-a8d2-d4aee9facd0d,Pé de galinha,0.1429,0.1250,true,<0.20
d45ccc14-e3f6-4605-842b-18ab5259f54b,QJ T BRIE SAO VICENTE 115G,Assai atacadista,132310,2026-02-28,e0b186e4-4a54-4b31-9893-9f20bd7f2230,Queijo Brie,0.4000,0.1667,false,0.40-0.60
6b48609a-5dfc-4e62-9f81-e86be0335630,MASSA FRESCA ESPECIAL,Alessandro D Anneo (Massa Nero),202617464,2026-03-02,e55551e7-c06a-4962-b7c9-aaf683791d8d,Cereja fresca,0.2500,0.2500,true,0.20-0.40
684de743-7c22-411c-a79d-099b2eed1313,LAVA LOUCA AJU 500ML NEUTRO,Assai atacadista,100576,2026-03-04,852a1ba1-fcea-4991-8f85-ad178cf87af0,Cachaça Bananinha 500ml,0.2500,0.1667,true,0.20-0.40
9964a0c1-7388-492b-a37a-2617b58dd2f5,MAC ADRIA G DURO 500G BAVETTE,Assai atacadista,100576,2026-03-04,852a1ba1-fcea-4991-8f85-ad178cf87af0,Cachaça Bananinha 500ml,0.1250,0.0833,true,<0.20
ff5a5cc8-6516-4937-9672-cfa0ce53d82b,MAC PAGANINI G DURO 500G TAGLIAT,Assai atacadista,100576,2026-03-04,852a1ba1-fcea-4991-8f85-ad178cf87af0,Cachaça Bananinha 500ml,0.1250,0.0833,true,<0.20
7d2feea8-22d5-424d-9d19-3e7ce5a5af9b,MAC PETYBON G DURO 500G FETTUC,Assai atacadista,100576,2026-03-04,852a1ba1-fcea-4991-8f85-ad178cf87af0,Cachaça Bananinha 500ml,0.1250,0.0833,true,<0.20
03a12f69-7a38-4ed6-b2b4-887d0c89c7b0,FILE DE SALMAO SALAR PREMIUM FRESCO,Central do Salmao industrial e comercio ltda,87716,2026-03-04,d9dfc4be-c730-4d46-b722-62a7b924fae9,creme de leite fresco,0.2500,0.2222,true,0.20-0.40
01471726-2e70-43d0-8f49-ab51e8253557,SPRITE LIM PET 2L,Refrescos Guararapes ltda - AJU (Solor Coca cola),4262470,2026-03-05,01acc2c6-e9b2-4401-8926-cbee2c828753,LIMÃO SICILIANO,0.2500,0.2500,true,0.20-0.40
3cf4b6b8-a240-4630-b4db-b2cb6bf4531f,FANTA LAR LT 350ML COLOR,Refrescos Guararapes ltda - AJU (Solor Coca cola),4262470,2026-03-05,1d2d61e8-fae0-4c2d-924c-958971806aa4,Fanta Laranja  lata 350ml,0.8333,0.5714,false,0.75-0.85
1b1403a5-7bd4-43ca-bc7c-12df0970e910,SPRITE LIMAO SEM ACUCAR LT 350ML COLOR,Refrescos Guararapes ltda - AJU (Solor Coca cola),4262470,2026-03-05,72e2f8be-4b44-493e-b7d8-6c692152f473,Sprite lata 350ml,0.5000,0.4444,true,0.40-0.60
9a52fe33-33bd-4811-9d2e-7209d3df52ed,LINGUICA SUINA NUTRIBRAS CONG 5KG PCT,Megga distribuidora ltda,539196,2026-03-05,e5a0c0d1-cf0c-4232-9721-e8a2589ec119,Cenoura kg,0.1429,0.1429,true,<0.20
ae4d7b77-7536-4d7a-a972-46c97cb07bd7,MACARRAO PILAR ESPAGUETE FINO 400G PCT,Megga distribuidora ltda,539196,2026-03-05,559ed45e-4dbc-4f5e-a877-e5f36d7ca724,Macarrão funcionário,0.1429,0.1250,true,<0.20
31fdbe4d-0148-44f2-a5e2-a9aa31059a07,TOUCA DESCART SANF C 100UND VABENE,ROCHA LATICINIOS E EMBALAGENS,1983,2026-03-05,30688e36-2eda-4642-a58c-d7371ec6bdf5,Escalope 100g,0.1429,0.1429,true,<0.20
6b5b5a68-9399-4ff3-ba89-50d40a9ec07f,SACO DE LIXO PLASTMIX 100L 100UND,ROCHA LATICINIOS E EMBALAGENS,1983,2026-03-05,111dc0c3-3122-458d-90e7-4d8ed8475ae8,Robalo de 100g - Executivo,0.2500,0.2500,true,0.20-0.40
6bb56094-9946-46e0-b60d-225336d4db3f,COXA SOBRECOXA FRIATO CX C 20KG,ROCHA LATICINIOS E EMBALAGENS,1983,2026-03-05,e5a0c0d1-cf0c-4232-9721-e8a2589ec119,Cenoura kg,0.1429,0.1429,true,<0.20
5be9fefc-68d8-44ef-9bd6-98c2e282880a,TAPIOCA GRANULADA LOANDA 500G,ROCHA LATICINIOS E EMBALAGENS,1983,2026-03-05,bef2203f-ead2-4e4c-8d90-3e29b0cfe545,Tapioca granulada média,0.4000,0.1667,false,0.40-0.60
af1b8eaf-8600-4b48-b676-e056fbfcc6f1,AZEITE ALBERO D OLIVA GOURMET 5L,ROCHA LATICINIOS E EMBALAGENS,1983,2026-03-05,4f0db131-c7c2-4139-b235-58728c4fc9d4,AZEITE TRUFADO,0.2000,0.1667,true,0.20-0.40
25a99658-f76d-4a75-a221-bcba8dd056d1,FERMENTO QUIM EM PO TRISANTI 100G,ROCHA LATICINIOS E EMBALAGENS,1983,2026-03-05,cd296cb4-9b82-406e-a8bf-e27f3557eea4,* Excluído * Fermento Químico em Pó,0.3750,0.2857,true,0.20-0.40
5ba9630f-bc16-4832-8b65-823a9a0b2a21,ACUCAR MASCAVO BREJEIRA 1KG,ROCHA LATICINIOS E EMBALAGENS,1983,2026-03-05,2269ad8e-189c-46a9-b519-9c0ca73f5b5e,açucar,0.2500,0.2000,true,0.20-0.40
c17ec823-47aa-481f-bf95-9bca2395a32c,LEITE BETANIA 1L C 12UND,ROCHA LATICINIOS E EMBALAGENS,1983,2026-03-05,5b8385a9-15bb-4734-9b65-8abbb37253d7,Leite,0.2500,0.2000,true,0.20-0.40
f734bb9f-5c55-4612-a372-230851f4099e,FARINHA TRIGO FINNA TRAD 10X1KG,ROCHA LATICINIOS E EMBALAGENS,1983,2026-03-05,3edba589-9920-4d3d-b9d7-df454cb9c4ff,Farinha de trigo,0.2857,0.2500,true,0.20-0.40
f398edaa-34f1-4791-9dcf-65b743075948,FLOCAO DE MILHO PINDORAMA 500G,ROCHA LATICINIOS E EMBALAGENS,1983,2026-03-05,026befa9-4b9d-444d-93b0-c8bedcfe5728,Xarope de Baunilha,0.1429,0.1429,true,<0.20
cdaedced-a10e-4484-9563-3faaf2f80f55,Microverdes de Beterraba  Peso:Kraft 40g,Cultive-se Horta vertical,2159,2026-03-06,026befa9-4b9d-444d-93b0-c8bedcfe5728,Xarope de Baunilha,0.1250,0.1250,true,<0.20
724a018d-e335-4e7c-a1d5-11ebcd27162b,Microverdes de Rucula  Peso:30 g,Cultive-se Horta vertical,2159,2026-03-06,b9b79761-891b-4d9c-b2a7-2d96e72dc362,Rucula,0.2000,0.1667,true,0.20-0.40
7d56bb3d-91e2-4682-9843-d50a9742b440,Microverdes de Coentro  Peso:Kraft 40g,Cultive-se Horta vertical,2159,2026-03-06,fc3450dd-1e03-4140-9874-905651556e51,SEMENTE DE COENTRO,0.2857,0.1667,false,0.20-0.40
df704e87-3540-4781-978b-27020f5b21be,TONICA ANTARCTICA DIET LATA 350ML SH C/12 NPAL,CDD Aracaju,374509,2026-03-06,9e027fda-c6b4-40a8-874d-6584642f78ba,Guarana Antarctica lata 350ml,0.4000,0.3000,false,0.40-0.60
e14f51b8-bdeb-4b2a-b383-c218e0644bd1,TONICA ANTARCTICA LATA 350ML SH C/12 NPAL,CDD Aracaju,374509,2026-03-06,9e027fda-c6b4-40a8-874d-6584642f78ba,Guarana Antarctica lata 350ml,0.4444,0.3333,false,0.40-0.60
ebe2c40d-4efe-486f-9f51-f7f91a80be38,STELLA ARTOIS LONG NECK 330ML SIX-PACK SHRINK C/4,CDD Aracaju,374509,2026-03-06,0e15c378-3dc0-4f2a-a433-ff57e0cd79c9,Stella Artois Long neck,0.3750,0.3000,true,0.20-0.40
bd84b332-21ec-4793-ab4e-f39e757310b3,CORONA EXTRA N LONG NECK 330ML CX C/24 NPAL,CDD Aracaju,374509,2026-03-06,f6c324bf-ef17-4fa8-bca4-2d15a8d5fb64,Corona Extra Long neck,0.3750,0.3333,true,0.20-0.40
22abd919-4cd6-46f4-82b8-a2dd9c81518f,CGF Shiitake Kg,CASA FUNGHI,1945,2026-03-10,e5a0c0d1-cf0c-4232-9721-e8a2589ec119,Cenoura kg,0.2500,0.2000,true,0.20-0.40
1558281f-3b5d-4cfb-9fa3-e3fd64c78dea,CG Shimeji Preto 200g,CASA FUNGHI,1945,2026-03-10,cf92c76d-5cc4-4ae1-beaf-0eb29fb755cd,Shimeji,0.2500,0.2000,true,0.20-0.40
979f8352-95ec-4c77-8351-467fe3778064,FILE DE SALMAO SALAR PREMIUM FRESCO,Central do Salmao industrial e comercio ltda,88187,2026-03-11,d9dfc4be-c730-4d46-b722-62a7b924fae9,creme de leite fresco,0.2500,0.2222,true,0.20-0.40
71e11f9f-73ff-4d86-82ce-705b30afec7f,BOBINA 1KG.20X30 C/500 NEISAN(08)BB1P,COMEL,595336,2026-03-11,e5a0c0d1-cf0c-4232-9721-e8a2589ec119,Cenoura kg,0.1111,0.1111,true,<0.20
e88d9562-d40d-4286-85a1-cf6ca755216e,BOBINA 3KG.23X38 C/500 NEISAN(08)BB23P,COMEL,595336,2026-03-11,e5a0c0d1-cf0c-4232-9721-e8a2589ec119,Cenoura kg,0.1111,0.1000,true,<0.20
becf874b-be64-4ccb-b969-99aa736f82d8,DESINF.2LT.LAVANDA ORIENTAL (06)26,COMEL,595336,2026-03-11,86d07cce-1977-460a-b374-70294b02f91f,COCA LATA ZERO,0.1250,0.1111,true,<0.20
2c171418-8b99-4841-94f0-2e4e6db8ec2d,LUVA NITRILICA PRETA GR.C/100 VABENE(10)3073IND,COMEL,595336,2026-03-11,30688e36-2eda-4642-a58c-d7371ec6bdf5,Escalope 100g,0.1000,0.1000,true,<0.20
41a7c6ee-4265-415d-8b16-7855b679470a,LUVA NITRILICA PRETA MD.C/100 VABENE(10)3072IND,COMEL,595336,2026-03-11,30688e36-2eda-4642-a58c-d7371ec6bdf5,Escalope 100g,0.1000,0.1000,true,<0.20
95b1a045-1a8f-4faa-9b50-ba4e8651779d,PANO P/CHAO FLANEL.40X66 UND.MC(12)583,COMEL,595336,2026-03-11,3e68caa0-87c4-4689-8f8b-cd943486c53c,Camarão 36/40 - Pistola/Cinza (2 UN) 30g,0.1429,0.0909,true,<0.20
9cf11110-56d2-4d06-ad0d-b4fb895e8ea8,PAPEL TOALHA ROLO C/02X60FLS ABSOLUTO (12)180,COMEL,595336,2026-03-11,8041bffc-0bc1-4d87-9f27-b75245902f83,Carpaccio - 60g,0.1000,0.1000,true,<0.20
be7e70a1-2253-40e5-895a-048e76b38de5,SACO P/ CONFEITAR MED 35X25X43CM.C/05 REG(10)1018450,COMEL,595336,2026-03-11,68aa7906-0a99-4fdd-8840-2aa5e038524b,Saco de porcionamento médio,0.1538,0.0769,true,<0.20
a14807dc-b31a-4620-a35e-c47a3c7a3077,SACO/MANGA P/CONF.DESC.G C/50 ART FORMA(20)0150,COMEL,595336,2026-03-11,08ec58cc-418e-40b7-a3e6-b8fdf6533c23,Bacon - 50g,0.1000,0.1000,true,<0.20
b124fdd8-b4b4-4108-9e96-1a18f82ba4e3,SACOS A VACUO 2KG 20X35.12 C/100 ALIPROT(500)23054,COMEL,595336,2026-03-11,30688e36-2eda-4642-a58c-d7371ec6bdf5,Escalope 100g,0.0909,0.0909,true,<0.20
ebba8722-965f-43fd-8772-f7a8b9b50472,SACOS PL.3 KG.25X35X10 C/100 PLASF(4MIL)1265,COMEL,595336,2026-03-11,30688e36-2eda-4642-a58c-d7371ec6bdf5,Escalope 100g,0.0909,0.0909,true,<0.20
12e2e85e-2c64-402c-bd4f-7790ddfcd8e8,PRESUNTO CRU ITALIANO FATIADO D'OR 80G,Federicci Queijos,128331,2026-03-11,d9abf67c-8dab-4a5b-89b6-bf72c7fd7647,* Excluído * Presunto,0.1429,0.1429,true,<0.20
eb7cfa52-4f22-432f-bde7-bf5add6be590,Mexilhao,Vieiramar alimentos ltda,17770,2026-03-11,d9c5cc93-9fba-461a-bf70-793db80d0197,Mexilhao  - Porção (50g),0.3333,0.0000,false,0.20-0.40
1b8cb0ee-2c28-4c58-809c-91202d9f58fc,CREME DE LEITE BIOCREME 1LT,Federicci Queijos,391930,2026-03-12,d9dfc4be-c730-4d46-b722-62a7b924fae9,creme de leite fresco,0.5000,0.5000,true,0.40-0.60
5dffbccf-d8fc-48f4-98dd-7283ace61150,"MANTEIGA COM SAL FEDERICCI 3,5KG",Federicci Queijos,391930,2026-03-12,8ac7463b-98ed-4cbd-99b9-8057f10b6889,Manteiga,0.2000,0.2000,true,0.20-0.40
8b728cd1-926c-4ed1-af32-dd1272b0e95d,APER APEROL VD 750ML,Refrescos Guararapes ltda - AJU (Solor Coca cola),4271205,2026-03-11,6d5dfcb3-c659-47dd-8bb4-4c9441f1042d,Aperol 750ml,0.7500,0.3333,false,0.75-0.85
690789be-fe9e-4b25-9123-2c14e7799299,ARROZ TIO URBANO BCO 1KG,Assai atacadista,101312,2026-03-11,5a57a042-adbd-46b4-824f-24eee9311dcd,Arroz Branco 120g,0.3333,0.1667,false,0.20-0.40
6b50c34c-da46-4dbe-a7f2-76a51f41223e,CAR SU PERDIGAO NABRASA COSTELA KG,Assai atacadista,101312,2026-03-11,e5a0c0d1-cf0c-4232-9721-e8a2589ec119,Cenoura kg,0.1429,0.1250,true,<0.20
f0fe134b-1014-4d5c-8055-7e10bf9f1d55,MASSA FOLH CONG MASSA LEVE 1KG ROLO,Assai atacadista,101312,2026-03-11,e5a0c0d1-cf0c-4232-9721-e8a2589ec119,Cenoura kg,0.1429,0.1429,true,<0.20
7c45b12c-f236-4fbf-a015-fcd1b4c04147,OVO BRANCO GRANDE SONOVO C/30UN,Assai atacadista,101312,2026-03-11,3e68caa0-87c4-4689-8f8b-cd943486c53c,Camarão 36/40 - Pistola/Cinza (2 UN) 30g,0.1818,0.1818,true,<0.20
5c19b1b3-a753-4f9a-9e91-76f357d0710d,REFRIG COCA COLA S/ACUCAR 350ML,Assai atacadista,101312,2026-03-11,0e991162-9e9b-4eb1-9a81-6b33a0de4a1f,Coca-Cola lata 350ml,0.5714,0.5000,true,0.40-0.60
56cc9476-4111-48ba-93d9-a6d9e15c6e72,CC SEM ACUCAR KS 290ML,Refrescos Guararapes ltda - AJU (Solor Coca cola),4271204,2026-03-11,800232da-08b3-4977-b1fb-5e8327d62ade,Coca-Cola Ks Sem acucar,0.7143,0.4286,false,0.60-0.75
d6320b63-28c5-416f-8b4c-dfc1f9b384bf,LEITE UHT BETANIA INTEG 1L TP,Megga distribuidora ltda,542541,2026-03-13,5b8385a9-15bb-4734-9b65-8abbb37253d7,Leite,0.2000,0.1667,true,0.20-0.40
53fc5704-d5e2-4e7c-a1a3-f8f3a66c1006,CREME CULINARIO LECO 1KG TP,Megga distribuidora ltda,542541,2026-03-13,fbf49238-b8e4-4026-8649-8b70186bd34f,Creme de leite culinario,0.2857,0.1667,false,0.20-0.40
aed889c5-5718-4db2-98b9-c7b86fdbbb33,"MOLHO OSTRAS YUMART 2,27L LT",Megga distribuidora ltda,542541,2026-03-13,801b5344-0500-4061-9f17-f14f849b2526,MOLHO PESTO,0.1667,0.1667,true,<0.20
0f15f40a-73a2-43a6-84c2-818c37ec5161,"MASSA FOLHADA FORNO DE MINAS LAMIN 1,9KG CXT",Megga distribuidora ltda,542541,2026-03-13,8a38b9df-98ea-48cc-b24e-072c5f165206,Massa folhada,0.2500,0.1818,true,0.20-0.40
18ec07dd-e619-4ebf-b19b-2512e90741da,BATATA BEM BRASIL FAST FOOD CRISPY 2KG PCT,Megga distribuidora ltda,542541,2026-03-13,e5a0c0d1-cf0c-4232-9721-e8a2589ec119,Cenoura kg,0.1111,0.1111,true,<0.20
b87b4b7d-d048-459e-8e94-946c4ede80ad,BOV PICANHA BLACK FRIBOI KG GRANEL,Megga distribuidora ltda,542541,2026-03-13,263232ed-d162-496b-9a78-9882e8b199f7,Picanha,0.1667,0.1429,true,<0.20
afe83d19-325a-4098-b7c9-82ccdc63c052,Microverdes de Beterraba  Peso:Kraft 40g,Cultive-se Horta vertical,2195,2026-03-13,026befa9-4b9d-444d-93b0-c8bedcfe5728,Xarope de Baunilha,0.1250,0.1250,true,<0.20
94ec60d1-a7a9-4157-a83e-a244919c6420,Microverdes de Rucula  Peso:30 g,Cultive-se Horta vertical,2195,2026-03-13,b9b79761-891b-4d9c-b2a7-2d96e72dc362,Rucula,0.2000,0.1667,true,0.20-0.40
d0ce29ad-9653-4b63-bb16-a2d3ab8f8c7c,Microverdes de Coentro  Peso:Kraft 40g,Cultive-se Horta vertical,2195,2026-03-13,fc3450dd-1e03-4140-9874-905651556e51,SEMENTE DE COENTRO,0.2857,0.1667,false,0.20-0.40
47e1579b-a453-4293-aaeb-94f96daf526a,"PLACA PRETA COMUNICACAO VISUAL 1,50X5,00",Alltop,2586,2026-03-13,08ec58cc-418e-40b7-a3e6-b8fdf6533c23,Bacon - 50g,0.1429,0.1250,true,<0.20
ce7e14d6-1c81-4b7d-a64d-5db2474195c8,TESOURA FRANGO CX24 - SL0107D,Shopping de utilid. e equip. comercio e rep. ltda,38604,2026-03-14,ffce233b-d837-4c21-b525-bcf6032dc3f0,Peito de Frango - 150g,0.1111,0.1111,true,<0.20
52ca05d2-ab91-4c4e-a4bb-6bb8a2a83bc7,CERVEJA STELLA ARTOIS 330ML PURE GOLD,Assai atacadista,133875,2026-03-14,0e15c378-3dc0-4f2a-a433-ff57e0cd79c9,Stella Artois Long neck,0.2500,0.2222,true,0.20-0.40
e7cb42ac-3652-4fa4-a970-6db085bc96fa,CERVEJA STELLA ARTOIS LN 330ML,Assai atacadista,133875,2026-03-14,0e15c378-3dc0-4f2a-a433-ff57e0cd79c9,Stella Artois Long neck,0.5000,0.3750,false,0.40-0.60
0bdfbfc8-c0b3-469c-838d-ecf7bccc2b4b,GIN BEEFEATER 750ML,Assai atacadista,133875,2026-03-14,20167ed5-6ddd-4378-bb43-9b53d6511bee,Gin Tanqueray 750ml,0.6000,0.5714,true,0.60-0.75
48dd3156-2dcd-44c5-96c7-5448b99ac59d,REFRIG ANTARCTICA 350ML GUARANA,Assai atacadista,133875,2026-03-14,144609e0-aa34-45b4-9cef-67496de932bb,* Excluído * Guaraná Antarctica 350ml,0.6667,0.6667,true,0.60-0.75
c053cc0c-f578-4412-b9d3-965219aeb1e0,REFRIG ANTARCTICA GUARANA ZERO PACK 12X350ML,Assai atacadista,133875,2026-03-14,144609e0-aa34-45b4-9cef-67496de932bb,* Excluído * Guaraná Antarctica 350ml,0.4444,0.4444,true,0.40-0.60
11a47e35-e003-4588-ab79-ff99435a63cc,LAVA LOUCA AJU 500ML NEUTRO,Assai atacadista,133916,2026-03-15,852a1ba1-fcea-4991-8f85-ad178cf87af0,Cachaça Bananinha 500ml,0.2500,0.1667,true,0.20-0.40
630f922e-1532-48f8-84d1-d22d4a163281,LAVA ROUPA PO BRILUX 400G TRIPLA ACAO,Assai atacadista,133916,2026-03-15,a6e6d343-ef57-489d-bc9e-7ef522349231,leite em po,0.1111,0.1111,true,<0.20
9fd3916c-e394-4af4-98c2-a39ef04d6195,COND DT VERSATILE FR 60K 220V 3F - CARRIER -,Refrigelo Climatizacao de Ambientes,1048996,2026-03-19,8041bffc-0bc1-4d87-9f27-b75245902f83,Carpaccio - 60g,0.1250,0.0000,false,<0.20
c37805fe-38d9-4501-b634-1e1c2b67aca4,EVAP DT VERSATILE FR 60K 3F 220V - CARRIER - 42BQA060510HC,Refrigelo Climatizacao de Ambientes,1048996,2026-03-19,8041bffc-0bc1-4d87-9f27-b75245902f83,Carpaccio - 60g,0.0833,0.0000,false,<0.20
7d7d9325-89e8-44f5-8d8d-e9a67094469d,COND DT VERSATILE FR 60K 220V 3F - CARRIER -,Refrigelo Climatizacao de Ambientes,1048997,2026-03-19,8041bffc-0bc1-4d87-9f27-b75245902f83,Carpaccio - 60g,0.1250,0.0000,false,<0.20
c68052ea-a08c-4b4f-a95a-751aa8fe61f3,EVAP DT VERSATILE FR 60K 3F 220V - CARRIER - 42BQA060510HC,Refrigelo Climatizacao de Ambientes,1048997,2026-03-19,8041bffc-0bc1-4d87-9f27-b75245902f83,Carpaccio - 60g,0.0833,0.0000,false,<0.20
6ced48b0-9a56-4527-b2e1-2043cdb4df69,ACUCAR CRISTAL CHEEF 1KG,Assai atacadista,134452,2026-03-21,2269ad8e-189c-46a9-b519-9c0ca73f5b5e,açucar,0.2500,0.2000,true,0.20-0.40
73fecdf9-224e-4526-a81a-651e5afead32,AGUA SANITARIA DRAGAO 1L,Assai atacadista,134452,2026-03-21,a2e8883b-0af6-4450-b887-8b204983d80a,AGUA TONICA,0.2500,0.2000,true,0.20-0.40
d0a98a01-6e48-4521-bad7-508918703021,ARROZ TIO URBANO BCO 1KG,Assai atacadista,134452,2026-03-21,5a57a042-adbd-46b4-824f-24eee9311dcd,Arroz Branco 120g,0.3333,0.1667,false,0.20-0.40
cffd3302-0e66-43dd-83a5-5f4234e30b22,ESPONJA SCOTCH BRITE D FACE C/10,Assai atacadista,134452,2026-03-21,13cf3927-5235-4f12-adb2-ef8677275e9e,* Excluído * Massa Rap10,0.1250,0.1111,true,<0.20
a6336638-6382-4024-a2f2-c4adf8c63149,FEIJAO CARIOCA KICALDO 1KG,Assai atacadista,134452,2026-03-21,e5a0c0d1-cf0c-4232-9721-e8a2589ec119,Cenoura kg,0.2000,0.1667,true,0.20-0.40
60576e92-1cb0-4065-b362-b58dd1d15555,GELATINA DR OETKER S/SABOR 24G BCA,Assai atacadista,134452,2026-03-21,2a2f9f5f-66d0-4588-9320-6edad19025dd,gelatina sem sabor,0.2857,0.1429,false,0.20-0.40
0bee9fa7-99e4-4c69-9463-43e46438fab3,LAVA LOUCA AJU 500ML NEUTRO,Assai atacadista,134452,2026-03-21,852a1ba1-fcea-4991-8f85-ad178cf87af0,Cachaça Bananinha 500ml,0.2500,0.1667,true,0.20-0.40
1653bdd7-144a-468f-a213-a55adb17b359,MILHO VERDE QUERO LT 170G,Assai atacadista,134452,2026-03-21,86d07cce-1977-460a-b374-70294b02f91f,COCA LATA ZERO,0.1429,0.1250,true,<0.20
1a52b216-7398-49e9-82ce-bd90b6754a57,QJ T BRIE TIROLEZ 125G,Assai atacadista,134452,2026-03-21,e0b186e4-4a54-4b31-9893-9f20bd7f2230,Queijo Brie,0.5000,0.2000,false,0.40-0.60
116246cb-f501-43e7-89e4-3b72b383d728,QJ T PARM DAVACA KG,Assai atacadista,134452,2026-03-21,e5a0c0d1-cf0c-4232-9721-e8a2589ec119,Cenoura kg,0.2000,0.2000,true,0.20-0.40
479e1cdc-66f9-4f74-a8d2-c8d30aa7fd1a,STELLA ARTOIS LONG NECK 330ML SIX-PACK SHRINK C/4,CDD Aracaju,382053,2026-03-21,0e15c378-3dc0-4f2a-a433-ff57e0cd79c9,Stella Artois Long neck,0.3750,0.3000,true,0.20-0.40
a98954fa-eea1-4fd9-bc7a-bf73e7431d74,CORONA EXTRA N LONG NECK 330ML CX C/24 NPAL,CDD Aracaju,382053,2026-03-21,f6c324bf-ef17-4fa8-bca4-2d15a8d5fb64,Corona Extra Long neck,0.3750,0.3333,true,0.20-0.40
4ebb43e2-283a-4d45-af33-09718d758414,TONICA ANTARCTICA LATA 350ML SH C/12 NPAL,CDD Aracaju,382053,2026-03-21,9e027fda-c6b4-40a8-874d-6584642f78ba,Guarana Antarctica lata 350ml,0.4444,0.3333,false,0.40-0.60
696712e6-8a6e-4aa6-a3f3-2b9cb6fbdcd2,"OLEO ALGODAO LIZA 15,8L",Assai atacadista,134419,2026-03-20,2dc323c7-7b96-4884-a5fb-9e57281b7e7c,oleo de soja,0.1667,0.1667,true,<0.20
09e21134-af46-4f42-8fcb-1a388951a6a7,OLEO SOJA SOYA PET 900ML,Assai atacadista,134419,2026-03-20,2a8af4db-7600-4c00-ae10-5bcd85a70ad2,CYNAR 900ml,0.2857,0.2857,true,0.20-0.40
6e90b97b-9e4e-4f07-ae4b-b4b2b22681e7,CERVEJA ULTRA N LONG NECK MICHELOB 330ML,"Jms comercio de frutas, verduras e cereais ltda",231194,2026-03-20,a59b36e0-fe09-4047-84b3-2786d985d8ec,Cerveja Lagunitas 355 ml,0.2500,0.1429,false,0.20-0.40
bfb96547-28e9-4d53-aa8f-9bd4747ffffe,BATATA SUJA KG,"Jms comercio de frutas, verduras e cereais ltda",231194,2026-03-20,e5a0c0d1-cf0c-4232-9721-e8a2589ec119,Cenoura kg,0.2500,0.2500,true,0.20-0.40
da905f44-039e-4817-afaf-7ced62e394a7,EMBALAGEM G682 GALVANOTEK 1000ML UND,"Jms comercio de frutas, verduras e cereais ltda",231194,2026-03-20,dc0f548f-9e97-4a35-b344-3e6823454df1,Pote 1000ml,0.2857,0.1250,false,0.20-0.40
c329dd5d-b2b8-4b72-b980-86687a63a0ee,CERVEJA LATA ITAIPAVA 350ML,"Jms comercio de frutas, verduras e cereais ltda",231194,2026-03-20,72e2f8be-4b44-493e-b7d8-6c692152f473,Sprite lata 350ml,0.5000,0.4286,true,0.40-0.60
1f5e007f-7de9-4aa9-8ffc-3b927619b515,MILHO VERDE SACHE FUGINI 170G,"Jms comercio de frutas, verduras e cereais ltda",231194,2026-03-20,9d90ddd0-4bf3-4833-9a28-0b9a82b30243,Cafe - (Sache descafeinado),0.1429,0.1000,true,<0.20
5dc79881-319a-4346-99cb-4e34de621706,TOUCA DESC TNT BRANCA INOVEN 100UND,"Jms comercio de frutas, verduras e cereais ltda",231194,2026-03-20,30688e36-2eda-4642-a58c-d7371ec6bdf5,Escalope 100g,0.1250,0.1250,true,<0.20
a37b667d-5e5c-4916-b600-f5747edbc707,OVO BRANCO GRD PLACA FAVORITO 30UND,"Jms comercio de frutas, verduras e cereais ltda",231194,2026-03-20,3e68caa0-87c4-4689-8f8b-cd943486c53c,Camarão 36/40 - Pistola/Cinza (2 UN) 30g,0.1667,0.1667,true,<0.20
caa5905c-3fef-4ba9-aa61-fa6a8753ae9b,PEIXE CORVINA EM POSTA KG,"Jms comercio de frutas, verduras e cereais ltda",231194,2026-03-20,e5a0c0d1-cf0c-4232-9721-e8a2589ec119,Cenoura kg,0.1667,0.1429,true,<0.20
bbcd359c-4836-426b-8ca6-1b31d194a348,MANTEIGA OURO BOM KG,"Jms comercio de frutas, verduras e cereais ltda",231194,2026-03-20,8ac7463b-98ed-4cbd-99b9-8057f10b6889,Manteiga,0.2500,0.2000,true,0.20-0.40
b52a12b8-8b40-44f8-82e1-28206fffcc37,"HAMBURGUER AVE/BOV GRA FILE INTERF 2,688KG","Jms comercio de frutas, verduras e cereais ltda",231194,2026-03-20,e5a0c0d1-cf0c-4232-9721-e8a2589ec119,Cenoura kg,0.1111,0.1111,true,<0.20
58873b89-0785-47b3-bd3e-3132bcd910bf,LEITE UHT INT C/ TAMPA BETANIA 1L,"Jms comercio de frutas, verduras e cereais ltda",231194,2026-03-20,5b8385a9-15bb-4734-9b65-8abbb37253d7,Leite,0.2000,0.1667,true,0.20-0.40
001ca309-70ab-4a8b-b98e-e057fa7f9a94,SUCO NECTAR UVA MARATA 200ML,"Jms comercio de frutas, verduras e cereais ltda",231194,2026-03-20,d391566d-58d4-43a8-b222-ccdf0b052af1,Salmao 200g,0.1429,0.1429,true,<0.20
89f5d6bf-2ebe-4194-a52a-f929b0d5a464,COPO TRANSP REFRIG MARATA 150ML 100UN,"Jms comercio de frutas, verduras e cereais ltda",231194,2026-03-20,595ff60c-896f-47ad-bf67-252823f2252d,Ypioca 150 anos 700ml,0.1818,0.1111,true,<0.20
efb282d3-d53e-4189-a7b1-c31c419bb331,EMBALAGEM REDO G742 GALVANOTEK UN,"Jms comercio de frutas, verduras e cereais ltda",231194,2026-03-20,574249e0-105a-4240-963e-ad62bb6337ee,Polvo por unidade,0.1429,0.0909,true,<0.20
c740e7aa-9529-49de-9d0c-50c7771efba3,CHARQUE LAGARTO ALVORADA PCT 5KG,"Jms comercio de frutas, verduras e cereais ltda",231194,2026-03-20,e2731e64-1dbe-416b-90ee-0dbd1da9d159,CHARQUE,0.2000,0.1667,true,0.20-0.40
76f51aef-b3f4-47b8-a3aa-8c3f66eb8fa4,OVO BRANCO GD PLACA LACERDS 30UND,"Jms comercio de frutas, verduras e cereais ltda",231194,2026-03-20,3e68caa0-87c4-4689-8f8b-cd943486c53c,Camarão 36/40 - Pistola/Cinza (2 UN) 30g,0.1667,0.1667,true,<0.20
ad863ca4-f237-4eba-813a-d8c847542119,"AGUA MINERAL S/GAS PET D DAVILA 1,5L","Jms comercio de frutas, verduras e cereais ltda",231194,2026-03-20,123d266e-9a95-4844-b62e-0d7c0f5bb5bb,Agua Com Gas Indaia Pet,0.4286,0.4286,true,0.40-0.60
511ee1cd-e2f4-4310-bf18-58d22c2edc75,REQUEIJAO CREMOSO LIGHT VIGOR 200G,"Jms comercio de frutas, verduras e cereais ltda",231194,2026-03-20,d391566d-58d4-43a8-b222-ccdf0b052af1,Salmao 200g,0.1667,0.1667,true,<0.20
918b8ec9-201d-4783-929d-1327a209d2a4,PEITO DE FRANGO COPACOL KG,"Jms comercio de frutas, verduras e cereais ltda",231194,2026-03-20,ffce233b-d837-4c21-b525-bcf6032dc3f0,Peito de Frango - 150g,0.5000,0.3333,false,0.40-0.60
3bd545df-d7e2-4dd3-ab5c-777eefa0443e,BACON EM CUBO SABOR MINEIRO 1KG,"Jms comercio de frutas, verduras e cereais ltda",231194,2026-03-20,ab75d8e8-5aee-4b5a-9229-065426557d3e,* Excluído * Bacon,0.1429,0.1429,true,<0.20
a9bc87cc-ee4b-47a4-86ca-426a2ae4e0c3,COPO TRANSP MARATA 400ML 50UN,"Jms comercio de frutas, verduras e cereais ltda",231194,2026-03-20,a688c5fa-e3d0-420a-a04a-04475bee8e6b,CHOPP 400ML,0.2500,0.1250,false,0.20-0.40
052f1a77-5d3d-4e59-b4b9-a868c2bc295b,PAO DE FORMA TRAD CHARLOTTE 420G,"Jms comercio de frutas, verduras e cereais ltda",231194,2026-03-20,d31345ce-2ef8-4455-9d41-7ae889a80bbc,pao de forma  natural  2 fatias,0.3750,0.2500,false,0.20-0.40
5b5658e9-ff40-4818-94f6-24d7c89616d2,FRANGO DESFIADO SHEILOCA 500G,"Jms comercio de frutas, verduras e cereais ltda",231194,2026-03-20,852a1ba1-fcea-4991-8f85-ad178cf87af0,Cachaça Bananinha 500ml,0.1429,0.1429,true,<0.20
d7ea305d-ab26-4c5b-8e35-c336448f2db6,COPO PP TRANSP ULTRA 500ML 50UN,"Jms comercio de frutas, verduras e cereais ltda",231194,2026-03-20,852a1ba1-fcea-4991-8f85-ad178cf87af0,Cachaça Bananinha 500ml,0.2000,0.1429,true,0.20-0.40
f918c8c7-ff43-4dd5-ac9c-d0b348ee7929,ACUCAR CRISTAL PINHEIRO 1KG,"Jms comercio de frutas, verduras e cereais ltda",231194,2026-03-20,2269ad8e-189c-46a9-b519-9c0ca73f5b5e,açucar,0.2500,0.2000,true,0.20-0.40
2be241a8-9e7b-46e5-ac65-706cfb4ac60b,PETISCO DE FRANGO COPACOL 1KG,"Jms comercio de frutas, verduras e cereais ltda",231194,2026-03-20,ffce233b-d837-4c21-b525-bcf6032dc3f0,Peito de Frango - 150g,0.2857,0.2857,true,0.20-0.40
813ee0e7-9d1e-4d10-afa6-ac76a45da4ae,CREAM CHEESE DANUBIO 1KG,"Jms comercio de frutas, verduras e cereais ltda",231194,2026-03-20,f299b8dc-1865-40c7-9bf0-86fb1cd4f3f5,cream cheese,0.5000,0.4000,true,0.40-0.60
e75f8341-694f-4c0b-8d91-b1557a3a04c9,"FILE DE PEITO DE FRANGO FRIATO 1,5KG","Jms comercio de frutas, verduras e cereais ltda",231194,2026-03-20,ffce233b-d837-4c21-b525-bcf6032dc3f0,Peito de Frango - 150g,0.4286,0.2857,false,0.40-0.60
84fc8b9b-f52e-4101-b24d-6c46ffb25872,COXA C/ SOBRECOXA IND LE VIDA KG,"Jms comercio de frutas, verduras e cereais ltda",231194,2026-03-20,e5a0c0d1-cf0c-4232-9721-e8a2589ec119,Cenoura kg,0.1429,0.1429,true,<0.20
d9c94883-d4b4-42b1-b77f-fd7800d391b8,PRESUNTO COZ RETANGULAR SUINCO KG,"Jms comercio de frutas, verduras e cereais ltda",231194,2026-03-20,d9abf67c-8dab-4a5b-89b6-bf72c7fd7647,* Excluído * Presunto,0.1667,0.1667,true,<0.20
43c0f367-9148-4f3e-b3ee-47ceb39d7c14,COPO PP CHOPP ULTRACOPOS 330ML 50UN,"Jms comercio de frutas, verduras e cereais ltda",231194,2026-03-20,b942a535-f094-4c7a-b699-68aeb5ef4e93,CHOPP 300ML,0.2222,0.2222,true,0.20-0.40
d2e88066-eb67-4548-bdb4-8b89718586a4,FRANGO A PASSARINHO LE VIDA 1KG,"Jms comercio de frutas, verduras e cereais ltda",231194,2026-03-20,e5a0c0d1-cf0c-4232-9721-e8a2589ec119,Cenoura kg,0.1667,0.1429,true,<0.20
5eed3ea9-c7f1-4311-b5a6-0ec32cf6c79f,"CREME DE LEITE 20 GORD PIRACANJUBA 1,030KG","Jms comercio de frutas, verduras e cereais ltda",231194,2026-03-20,d9dfc4be-c730-4d46-b722-62a7b924fae9,creme de leite fresco,0.3333,0.3333,true,0.20-0.40
d657a3c4-8164-437a-ac25-568773da316c,BATATA CONG TRAD PALITO 9/9MM BINT 2KG,"Jms comercio de frutas, verduras e cereais ltda",231194,2026-03-20,283f0f6e-df64-4c58-b8e8-ebb00fb16771,Batata palito,0.2857,0.2500,true,0.20-0.40
7ef14d3b-2d24-442f-8827-732c1557137c,ESPONJA MULTIUSO DONA FAXINA 1X1UN,"Jms comercio de frutas, verduras e cereais ltda",231194,2026-03-20,574249e0-105a-4240-963e-ad62bb6337ee,Polvo por unidade,0.1429,0.0909,true,<0.20
aada8111-c131-4aef-bafa-2a7e970ed742,LINGUICA TOSCANA FRIMESA KG,"Jms comercio de frutas, verduras e cereais ltda",231194,2026-03-20,e5a0c0d1-cf0c-4232-9721-e8a2589ec119,Cenoura kg,0.2000,0.1667,true,0.20-0.40
e56839d7-15c7-4336-90aa-7e2b3e5d905b,QUEIJO MUCARELA NATVILLE KG,"Jms comercio de frutas, verduras e cereais ltda",231194,2026-03-20,e5a0c0d1-cf0c-4232-9721-e8a2589ec119,Cenoura kg,0.2000,0.2000,true,0.20-0.40
dd0cba0c-a1c4-4be4-8a12-5b6978b3a12c,BETERRABA KG,"Jms comercio de frutas, verduras e cereais ltda",231194,2026-03-20,e5a0c0d1-cf0c-4232-9721-e8a2589ec119,Cenoura kg,0.3333,0.2500,true,0.20-0.40
6f65d936-5f07-4bcc-ac26-cd2d846c55bd,RABADA BOVINO CONG KG,"Jms comercio de frutas, verduras e cereais ltda",231194,2026-03-20,e5a0c0d1-cf0c-4232-9721-e8a2589ec119,Cenoura kg,0.2000,0.1667,true,0.20-0.40
2d2b36f5-05b2-408c-a7dd-a4ef8f2c0559,"MARMITHERM ULTRA M50 C/ 10UN ,","Jms comercio de frutas, verduras e cereais ltda",231194,2026-03-20,08ec58cc-418e-40b7-a3e6-b8fdf6533c23,Bacon - 50g,0.1667,0.1429,true,<0.20
eff56a6a-e831-4fe7-bf27-c3d868aaf5e4,"GUARDANAPO MAX PEROLA 19,5X18CM 38FLS","Jms comercio de frutas, verduras e cereais ltda",231194,2026-03-20,84362ad4-74e7-47c1-90e0-8975495c8817,Uisque Macallan 18 anos,0.0909,0.0833,true,<0.20
d4d812d6-53cb-4371-a809-78272596e462,PIMENTAO VERDE KG,"Jms comercio de frutas, verduras e cereais ltda",231194,2026-03-20,e5a0c0d1-cf0c-4232-9721-e8a2589ec119,Cenoura kg,0.2500,0.2000,true,0.20-0.40
d4f311c4-535a-49b6-9076-9139f242c3cc,CREME DE LEITE UHT ITALAC 200G,"Jms comercio de frutas, verduras e cereais ltda",231194,2026-03-20,d9dfc4be-c730-4d46-b722-62a7b924fae9,creme de leite fresco,0.4286,0.4286,true,0.40-0.60
cdeaadf5-ba72-48e0-a6e8-150aff6b8f83,CAFE ALMOFADA MARATA 250G,"Jms comercio de frutas, verduras e cereais ltda",231194,2026-03-20,3f68bd85-02bb-42e9-9c89-9685f5eb856b,Café,0.2500,0.2000,true,0.20-0.40
519e993a-3e14-4251-80ae-9281f850f542,CANUDO BIO C SACHE STRAWPLAST 100UN,"Jms comercio de frutas, verduras e cereais ltda",231194,2026-03-20,30688e36-2eda-4642-a58c-d7371ec6bdf5,Escalope 100g,0.1429,0.1429,true,<0.20
7a25c555-4e1a-4b99-8f96-92b7cd2e9f70,MAIONESE PROFISSIONAL VIGOR 1KG,"Jms comercio de frutas, verduras e cereais ltda",231194,2026-03-20,147fde87-bd21-4447-bfc2-0d33434c6486,* Excluído * Maionese,0.2000,0.2000,true,0.20-0.40
b761a7f4-897b-4a92-8dd4-802948b4a1ea,POLPA CACAU POMAR 100G,"Jms comercio de frutas, verduras e cereais ltda",231194,2026-03-20,30688e36-2eda-4642-a58c-d7371ec6bdf5,Escalope 100g,0.2000,0.2000,true,0.20-0.40
c82320c3-4963-4753-82fa-2be98ea0dbb1,SACO LISO BARBOSA 500G 12X27 100UN,"Jms comercio de frutas, verduras e cereais ltda",231194,2026-03-20,30688e36-2eda-4642-a58c-d7371ec6bdf5,Escalope 100g,0.1111,0.1111,true,<0.20
cdebd3c5-7910-4c1c-88a0-04e695a65b58,FEIJAO CARIOCA TIO SASSA 1KG,"Jms comercio de frutas, verduras e cereais ltda",231194,2026-03-20,e5a0c0d1-cf0c-4232-9721-e8a2589ec119,Cenoura kg,0.1667,0.1429,true,<0.20
6e9b3313-9fd1-47b9-9631-4b62140dde3a,QUEIJO COALHO PRE COZIDO OURO BOM KG,"Jms comercio de frutas, verduras e cereais ltda",231194,2026-03-20,aaaac600-57ce-48ec-b08e-8129121dbe56,QUEIJO COALHO,0.2857,0.1250,false,0.20-0.40
51a8505e-5518-49a9-b3a7-d70a67e05178,"ALCOOL ETILICO 54,0  PINDORAMA 1L","Jms comercio de frutas, verduras e cereais ltda",231194,2026-03-20,054d8eb8-42e1-46d2-b80c-50f38d3154d8,Álcool,0.2500,0.0000,false,0.20-0.40
699e0548-c67b-4b81-957b-55d729b4f7dd,POLPA MARACUJA TROPICAL POMAR 100G,"Jms comercio de frutas, verduras e cereais ltda",231194,2026-03-20,04567c60-dc8e-4d61-985c-c42f40571d4d,polpa maracuja,0.4000,0.1667,false,0.40-0.60
353353b1-156b-43b8-bec2-dd15d22952fb,MACARRAO ESPAGUETE N8 BRANDINI 500G,"Jms comercio de frutas, verduras e cereais ltda",231194,2026-03-20,559ed45e-4dbc-4f5e-a877-e5f36d7ca724,Macarrão funcionário,0.2000,0.1429,true,0.20-0.40
6e8c63a0-2e45-4837-a2a1-4a3fe3504cc6,REFRIG GUARANA ZERO PET ANTARCTICA 1L,"Jms comercio de frutas, verduras e cereais ltda",231194,2026-03-20,82618c49-996b-41e1-86f0-3b8a59a2a579,guarana antartica zero,0.3333,0.2500,true,0.20-0.40
19943743-fa40-4df0-824b-0020b4d1d0bb,CATCHUP SACHE MAREIA 144X6G,"Jms comercio de frutas, verduras e cereais ltda",231194,2026-03-20,9d90ddd0-4bf3-4833-9a28-0b9a82b30243,Cafe - (Sache descafeinado),0.1667,0.0000,false,<0.20
b69abd9e-4fbf-4c26-868f-8e3ded8359ff,REFRIG BLACK PEPSI 1L,"Jms comercio de frutas, verduras e cereais ltda",231194,2026-03-20,d23c8d79-800e-4580-90a3-1fc7b9ca9c40,Uisque Black Label 1L,0.2000,0.0000,false,0.20-0.40
ea4f34de-09e1-460a-b00e-83eeab174cef,MAIONESE SACHE MAREIA 144X6G,"Jms comercio de frutas, verduras e cereais ltda",231194,2026-03-20,147fde87-bd21-4447-bfc2-0d33434c6486,* Excluído * Maionese,0.2000,0.1667,true,0.20-0.40
2dad125b-b6c0-4ac9-b09a-c599cbaac37c,REFRIG LARANJA PET SUKITA 1L,"Jms comercio de frutas, verduras e cereais ltda",231194,2026-03-20,283ad922-5bcb-460e-8cd2-67670d49658c,Laranja,0.2500,0.2000,true,0.20-0.40
2fb42268-cc6e-44a0-a47c-a28360151411,CHANTILLY MIX SUPREME AMELIA 1L,"Jms comercio de frutas, verduras e cereais ltda",231194,2026-03-20,2af407d2-0df9-4da4-a408-a3aee4c5814d,mix de frutas vermelhas,0.1429,0.0000,false,<0.20
9123d87a-a542-4085-ba63-bd505ece5cd1,MARGARINA C/ SAL PRIMOR 1KG,"Jms comercio de frutas, verduras e cereais ltda",231194,2026-03-20,8271985a-fe59-4390-b57c-085573cc6e49,Salmão,0.2500,0.2000,true,0.20-0.40
c610dc68-2bba-43cd-bfe1-b5a56f284932,QUEIJO MUCARELA NAL MILK KG,"Jms comercio de frutas, verduras e cereais ltda",231194,2026-03-20,e5a0c0d1-cf0c-4232-9721-e8a2589ec119,Cenoura kg,0.1667,0.1667,true,<0.20
4f8eb98e-204d-4de4-b6b8-b659564b0d29,QUEIJO PARMESAO KG,"Jms comercio de frutas, verduras e cereais ltda",231194,2026-03-20,5ce6f5d7-4ef6-4a55-b76a-19fd1c0e3110,Parmesao,0.3333,0.2500,true,0.20-0.40
86834a04-8dfa-417e-bd57-5e231c113cbc,CALDO DE FRUTOS DO MAR SAZ AJINOMOTO 1KG,"Jms comercio de frutas, verduras e cereais ltda",231194,2026-03-20,992e7087-c316-4e32-9c7c-f17759bc5f24,Tortelli (Valor do kg),0.2000,0.1818,true,0.20-0.40
eda6aee7-cb77-4d8d-93a6-081021eaaeaa,AMACIANTE DE CARNE AJINOMOTO 1KG,"Jms comercio de frutas, verduras e cereais ltda",231194,2026-03-20,c9233ecb-3634-454b-8dfa-82054f4edffb,* Excluído * Hambúrguer de Carne,0.2857,0.1667,false,0.20-0.40
7fc47851-be79-434d-9066-413477624fc3,MOLHO BRANCO BECHAMEL AJINOMOTO 1KG,"Jms comercio de frutas, verduras e cereais ltda",231194,2026-03-20,2f924778-6191-49f8-997e-56bb15ba17a7,* Excluído * Ajinomoto,0.1667,0.1667,true,<0.20
11e38464-ea2e-457b-a50f-6f7d780013f0,BATATA PALHA GOLD 150G,"Jms comercio de frutas, verduras e cereais ltda",231194,2026-03-20,dab19eab-cb59-4453-95f6-07a78b8e8618,Batata Rustica (150 g),0.4000,0.4000,true,0.40-0.60
5358084c-f987-4660-8121-668258e1b198,"CALDO DE COSTELA SAZON AJINOMOTO 32,5G","Jms comercio de frutas, verduras e cereais ltda",231194,2026-03-20,2f924778-6191-49f8-997e-56bb15ba17a7,* Excluído * Ajinomoto,0.1429,0.1250,true,<0.20
2ec0b1fd-e0fa-41fd-8ee3-a1327f81f852,VINAGRE ALCOOL MARATA 750ML,"Jms comercio de frutas, verduras e cereais ltda",231194,2026-03-20,6d5dfcb3-c659-47dd-8bb4-4c9441f1042d,Aperol 750ml,0.3333,0.2857,true,0.20-0.40
45162390-ff7e-48d2-9dc1-637bc9718a39,FEIJAO PRETO SERGIPANO 1KG,"Jms comercio de frutas, verduras e cereais ltda",231194,2026-03-20,e5a0c0d1-cf0c-4232-9721-e8a2589ec119,Cenoura kg,0.2000,0.1667,true,0.20-0.40
7e9c2cca-e2a0-4a93-9a28-25a5bb9ea358,ARROZ PARBOILIZADO DALON 1KG,"Jms comercio de frutas, verduras e cereais ltda",231194,2026-03-20,e5a0c0d1-cf0c-4232-9721-e8a2589ec119,Cenoura kg,0.2000,0.2000,true,0.20-0.40
2fedf291-f20e-43fb-94a3-44ac4efe514b,FILE DE SALMAO SALAR PREMIUM FRESCO,Central do Salmao industrial e comercio ltda,88866,2026-03-23,d9dfc4be-c730-4d46-b722-62a7b924fae9,creme de leite fresco,0.2500,0.2222,true,0.20-0.40
4afe8a2f-d90b-41be-8e15-ced45668d93e,ESPETO DE BAMBU GOLF C/50X09CM NAT(100)2560,COMEL,596393,2026-03-23,1dd6cc74-04c0-416e-b1d2-0f6294932e15,Espeto de bambu tipo golfe,0.2500,0.1667,true,0.20-0.40
7c97c3dd-6073-4fac-a307-d81ad3b3c65c,GIN TANQUERAY N TEN 750ML GRF VD,Megga distribuidora ltda,546313,2026-03-24,20167ed5-6ddd-4378-bb43-9b53d6511bee,Gin Tanqueray 750ml,0.5714,0.4000,false,0.40-0.60
66cd9b4a-1a88-4276-80f2-6b3882309be9,XAROPE MONIN TANGERINA 700ML GRF VD,Megga distribuidora ltda,546313,2026-03-24,8a6d1978-6b27-4d13-a389-da19f188fcb9,Xarope Monin Toranja 700ml,0.5000,0.4444,true,0.40-0.60
8820299d-72a8-40db-92af-feb6d22b09c6,AGUA MINERAL MINALBA PRM C/GAS 300ML GRF VD,Megga distribuidora ltda,546314,2026-03-24,5364765a-b18a-431c-b552-43bea5763726,Agua Sem Gas Minalba,0.3000,0.3000,true,0.20-0.40
560e4544-1244-4452-97b8-2f2818bd1a8e,AGUA MINERAL MINALBA PRM S/GAS 300ML GRF VD,Megga distribuidora ltda,546314,2026-03-24,5364765a-b18a-431c-b552-43bea5763726,Agua Sem Gas Minalba,0.3000,0.3000,true,0.20-0.40
a7a9c6e9-0593-4240-b30a-f11ec1b06607,RED BULL FRUTAS TROPICAIS RED BULL 250ML(24),Asa Branca Industrial Comercial e Umportadora ltda,3607326,2026-03-25,8c340959-439c-4675-8a4c-4b5908039c52,Red Bull,0.2857,0.2500,true,0.20-0.40
53480ed0-c6f2-4352-874f-8634a2d95405,RED BULL ENERGY DRINK 4 PACK RED BULL 4X250ML(6),Asa Branca Industrial Comercial e Umportadora ltda,3607326,2026-03-25,8c340959-439c-4675-8a4c-4b5908039c52,Red Bull,0.2857,0.2500,true,0.20-0.40
76c5bead-b6f8-4ce2-8a3e-81c97488f0f6,RED BULL MELANCIA RED BULL 250ML(24),Asa Branca Industrial Comercial e Umportadora ltda,3607326,2026-03-25,74a27908-3d6f-47bc-bc5b-80d48aee17a4,Red Bull Melancia,0.5000,0.3333,false,0.40-0.60
9419c407-0859-4b95-b1f7-aca60bbdf147,GIN TANQUERAY LONDON DRY Tanqueray 750ML(12),Asa Branca Industrial Comercial e Umportadora ltda,3607326,2026-03-25,20167ed5-6ddd-4378-bb43-9b53d6511bee,Gin Tanqueray 750ml,0.5714,0.5556,true,0.40-0.60
6915c151-0fb4-4227-b8af-c4ffcbb2676e,RED BULL SUGAR FREE ZERO RED BULL 250ML(24),Asa Branca Industrial Comercial e Umportadora ltda,3607326,2026-03-25,4c503024-e226-4e61-bb18-7b162671775e,Red Bull Zero acucar,0.3333,0.2500,true,0.20-0.40
82256a9a-be6f-406a-83aa-7c2343e6bc82,FARINHA PANKO ROMARIZ 1KG(10)             FD/10,Asa Branca Industrial Comercial e Umportadora ltda,3607325,2026-03-25,2d3ac7fc-70a0-4443-a6b3-e419f398aad5,Farinha panko,0.3333,0.2857,true,0.20-0.40
f859cd36-e61d-44c6-b985-440e64f0d61e,"MOLHO INGLES CEPERA 1,01LT(12)          CX/12",Asa Branca Industrial Comercial e Umportadora ltda,3607325,2026-03-25,801b5344-0500-4061-9f17-f14f849b2526,MOLHO PESTO,0.1250,0.1250,true,<0.20
cb3f54f5-ff0a-406b-8de9-e5149651eb0f,MAC. FLAT TAGLIATELLE FETTUCCINE PASTA REGGIA 500G(24)            CX/24,Asa Branca Industrial Comercial e Umportadora ltda,3607325,2026-03-25,b144e9be-59ae-46d5-9521-56895ea9b7d4,Fettuccine - Porção (160g),0.0909,0.0833,true,<0.20
9e69a788-78ca-4447-b97f-843c2af0ae49,CHARQUE LAGARTO ALVORADA 5KG(6),Asa Branca Industrial Comercial e Umportadora ltda,3607325,2026-03-25,e2731e64-1dbe-416b-90ee-0dbd1da9d159,CHARQUE,0.2500,0.2000,true,0.20-0.40
ce566b26-fd1a-4bcd-af83-7160d2b3fdcf,FILE COXA/SOBRECOXA SEM PELE COPACOL 800G(12)            CX/12,Asa Branca Industrial Comercial e Umportadora ltda,3607325,2026-03-25,c2eff246-efb8-495d-b3fb-57832b75417d,Pato sobrecoxa,0.1000,0.1000,true,<0.20
a193e031-bfb0-4d4f-aeef-ac217cf414b8,"GORD.VEG. COAMO 14,5KG              BD/1",Asa Branca Industrial Comercial e Umportadora ltda,3607325,2026-03-25,e5a0c0d1-cf0c-4232-9721-e8a2589ec119,Cenoura kg,0.1429,0.1250,true,<0.20
984e1dbb-5907-4f52-84c6-c3c8fd33ed9f,"Cerv Baden Witbier 0,60Lgfa Des 12Un Pbr",HNK BR Bebidas ltda,416517,2026-03-24,e534711c-717d-4b56-94c3-dffbd6e21de3,Cerveja Baden Witbier,0.3333,0.2000,false,0.20-0.40
cc97e5c0-8f62-4e3d-895a-a6c79568fe37,"Cerv Baden Americ Ipa 0,6Lgfades12Unpbr",HNK BR Bebidas ltda,416517,2026-03-24,56109cde-a793-4824-858c-4c5d0a229064,Cerveja Baden IPA,0.4286,0.2500,false,0.40-0.60
47768534-29c4-4d7c-a9e8-85e504f0410b,"Cerv Blue Moon 0,355Ln Des 4X6Un Pbr",HNK BR Bebidas ltda,416517,2026-03-24,911bbe26-05b6-423d-b765-34d395cc9e5e,Blue Moon Long neck,0.3750,0.2000,false,0.20-0.40
10bd9558-3d01-4e71-9c97-c71bb2c328cf,"Cerv Baden Gold Ale 0,60Lgfa Des 12Unpbr",HNK BR Bebidas ltda,416517,2026-03-24,e534711c-717d-4b56-94c3-dffbd6e21de3,Cerveja Baden Witbier,0.2000,0.2000,true,0.20-0.40
e5e871a8-465d-4dd9-a6dd-0b404998dbd9,FGO FILE PEITO GUIBON KG PCT,Megga distribuidora ltda,43467,2026-03-26,ffce233b-d837-4c21-b525-bcf6032dc3f0,Peito de Frango - 150g,0.2500,0.1429,false,0.20-0.40
45270866-3302-4206-8be0-5986a6bf72f5,FGO COXA/SOBRECOXA COPACOL S/OSSO KG PCT,Megga distribuidora ltda,43467,2026-03-26,6c73b182-fd95-4489-a5e9-3c88384e4c6d,Sobrecoxa de Frango - 200g,0.2222,0.1250,true,0.20-0.40
46a06134-ec43-489a-920d-27f58c1d222d,ARROZ BRANCO EMOCOES 10X1KG              FD/10,Asa Branca Industrial Comercial e Umportadora ltda,3609328,2026-03-26,5a57a042-adbd-46b4-824f-24eee9311dcd,Arroz Branco 120g,0.2857,0.1429,false,0.20-0.40
7598c27f-2f4f-48b2-81c1-90c77be37ef6,MEIO DA ASA TULIPA SADIA 1KG,ROCHA LATICINIOS E EMBALAGENS,2055,2026-03-25,e5a0c0d1-cf0c-4232-9721-e8a2589ec119,Cenoura kg,0.1429,0.1250,true,<0.20
3d1a5765-19fe-48b6-a816-962a29f8949a,SACO DE LIXO PLASTMIX 100L 100UND,ROCHA LATICINIOS E EMBALAGENS,2055,2026-03-25,111dc0c3-3122-458d-90e7-4d8ed8475ae8,Robalo de 100g - Executivo,0.2500,0.2500,true,0.20-0.40
0cfad2b1-6306-4429-8726-4f661d1693f7,BOV PICANHA BLACK FRIBOI KG GRANEL,Megga distribuidora ltda,547702,2026-03-26,263232ed-d162-496b-9a78-9882e8b199f7,Picanha,0.1667,0.1429,true,<0.20
bf2b11ec-7ff5-45f5-8c54-9c77957469ff,"MOLHO BARBECUE 100% NORDEST TAMBAU 3,4KG PT",Megga distribuidora ltda,547701,2026-03-26,265e0f7b-241c-42f6-a58c-00ea6d346ea6,Barbecue,0.1429,0.1250,true,<0.20
375e2045-880f-4cd7-ae36-dc21c19a6d08,"MASSA FOLHADA FORNO DE MINAS LAMIN 1,9KG CXT",Megga distribuidora ltda,547701,2026-03-26,8a38b9df-98ea-48cc-b24e-072c5f165206,Massa folhada,0.2500,0.1818,true,0.20-0.40
50ec3d03-e2ac-4997-9d55-164703f7d999,FARINHA PANKO ROMARIZ 1KG PCT,Megga distribuidora ltda,547701,2026-03-26,2d3ac7fc-70a0-4443-a6b3-e419f398aad5,Farinha panko,0.4000,0.3333,true,0.40-0.60
38ab4359-f1bd-49ba-b40e-805d43a3cc1a,"OLEO ALGODAO LIZA 14,5KG BD",Megga distribuidora ltda,547700,2026-03-26,e5a0c0d1-cf0c-4232-9721-e8a2589ec119,Cenoura kg,0.1429,0.1250,true,<0.20
d0019821-2c62-4fa0-9222-3944f993c7fc,MACARRAO ITAL PENNE DE LUCA 500G,ROCHA LATICINIOS E EMBALAGENS,2054,2026-03-25,a1dae992-9b16-442d-9751-c4f2bd816e4f,Penne De Luca,0.5000,0.2500,false,0.40-0.60
bc118358-bfac-4dbf-b50c-880ee8b28b9d,PAPEL TOALHA FAMILIAR 12X2X50FLS,ROCHA LATICINIOS E EMBALAGENS,2054,2026-03-25,08ec58cc-418e-40b7-a3e6-b8fdf6533c23,Bacon - 50g,0.1429,0.1429,true,<0.20
ba576e8f-c6a6-40c9-a825-5884b2471292,SLIM PANO MULTIUSO ROLO C 300 28X40 VABENE,ROCHA LATICINIOS E EMBALAGENS,2054,2026-03-25,15dd7098-ef1e-49ac-89a8-eab708a6ae5b,Batata Gratan (300 g),0.1000,0.1000,true,<0.20
45ffb84a-a4bb-46cb-9251-1fa8e22e9c94,POTE JBM 500 ML,ROCHA LATICINIOS E EMBALAGENS,2054,2026-03-25,d0763142-efce-4679-b1e8-ac10efc84350,Pote 1500ml,0.4000,0.4000,true,0.40-0.60
6c101cce-d347-49a7-a1ac-3f4503a99164,POTE JBM 1000 ML,ROCHA LATICINIOS E EMBALAGENS,2054,2026-03-25,dc0f548f-9e97-4a35-b344-3e6823454df1,Pote 1000ml,0.7500,0.4000,false,0.75-0.85
3141fe32-b94f-4e83-8067-e14f5c456ec0,COPO MARATA 400ML BRANCO,ROCHA LATICINIOS E EMBALAGENS,2054,2026-03-25,a688c5fa-e3d0-420a-a04a-04475bee8e6b,CHOPP 400ML,0.3333,0.1667,false,0.20-0.40
f12f04ad-f312-4cd0-9e41-0707ab96d7d2,TAPIOCA GRANULADA LOANDA 500G,ROCHA LATICINIOS E EMBALAGENS,2054,2026-03-25,bef2203f-ead2-4e4c-8d90-3e29b0cfe545,Tapioca granulada média,0.4000,0.1667,false,0.40-0.60
93be1693-07d6-446e-95d5-f739c9442d54,AMENDOIM TORRADO KG,ROCHA LATICINIOS E EMBALAGENS,2054,2026-03-25,d98d181a-7331-4d22-9a06-1a83e468d756,AMENDOIM,0.3333,0.2500,true,0.20-0.40
9a5bb221-31df-4b9e-a182-ccfb609c4d3e,LEITE NATVILLE 1L INTEGRAL C 12UND,ROCHA LATICINIOS E EMBALAGENS,2054,2026-03-25,5b8385a9-15bb-4734-9b65-8abbb37253d7,Leite,0.2000,0.1667,true,0.20-0.40
f066e392-520c-4d22-b2fe-88307965d212,FILE DE PEITO FRIATO 20KG,ROCHA LATICINIOS E EMBALAGENS,2054,2026-03-25,6aada19e-c799-4114-af53-2def60ee9c19,Peito de pato,0.2857,0.2500,true,0.20-0.40
24549c17-f85a-44ad-8c8c-bef30f8cfcd3,"MOLHO BARBECUE ARRIFANA 3,5KG",ROCHA LATICINIOS E EMBALAGENS,2054,2026-03-25,265e0f7b-241c-42f6-a58c-00ea6d346ea6,Barbecue,0.2500,0.2000,true,0.20-0.40
671be55b-05e1-446d-ad80-b3e7fa5ed26f,FEIJAO FRADINHO SERGIPANO 10X1KG,ROCHA LATICINIOS E EMBALAGENS,2054,2026-03-25,e5a0c0d1-cf0c-4232-9721-e8a2589ec119,Cenoura kg,0.1667,0.1429,true,<0.20
d6698049-aa61-46e3-bc93-d259a9d22c7b,CHOCOLATE EM PO 70 DONA JURA 500G,ROCHA LATICINIOS E EMBALAGENS,2054,2026-03-25,bc932ddb-30f3-4fa1-ab96-f8fbe297803c,Chocolate em pó 70%,0.5714,0.3750,false,0.40-0.60
49ea926c-014a-4e6e-88cb-2e742bb0810e,ARROZ BRANCO DALON 30X1KG,ROCHA LATICINIOS E EMBALAGENS,2054,2026-03-25,5a57a042-adbd-46b4-824f-24eee9311dcd,Arroz Branco 120g,0.3333,0.1667,false,0.20-0.40
5e48eaaf-8798-41d2-b84a-54ba2d2d7f19,"BARRA CHOC MEIO AMARGO CONF HARALD 1,010KG",ROCHA LATICINIOS E EMBALAGENS,2054,2026-03-25,f1bc7667-e368-4eeb-8a06-855c49bd443f,chocolate meio amargo,0.3750,0.1111,false,0.20-0.40
14f385c1-0d02-4c98-a0f0-c7c17cbf59eb,AZEITE OLIVA ESPORAO EXT VIRGEM 250ML GRF VD,Megga distribuidora ltda,548278,2026-03-27,071a7c93-98c4-46de-b404-a2448a3af57c,Azeite extra virgem,0.2000,0.1667,true,0.20-0.40
1d4482e7-2959-4285-93b0-ed47e960b94d,LICOR DRAMBUIE 750ML,2SIS COMMERCE,7874,2026-03-27,bbce56ab-4ae7-4715-bd1c-df3c455a1cbd,Licor Fino Amarula 750ml garrafa,0.4286,0.4000,true,0.40-0.60
cb84cabc-f98c-47f7-a8ef-ef5c4c84ccf3,CGF Shiitake Kg,CASA FUNGHI,2035,2026-03-27,e5a0c0d1-cf0c-4232-9721-e8a2589ec119,Cenoura kg,0.2500,0.2000,true,0.20-0.40
a2b5068a-aee2-4c7d-b9c5-87e6d797fd06,CG Shimeji Preto 200g,CASA FUNGHI,2035,2026-03-27,cf92c76d-5cc4-4ae1-beaf-0eb29fb755cd,Shimeji,0.2500,0.2000,true,0.20-0.40
959a8af7-d88b-4351-98be-e7a1c485572c,MACARRAO NERO DI SEPPIA SPAGHETTI 500G,2SIS COMMERCE,7884,2026-03-30,559ed45e-4dbc-4f5e-a877-e5f36d7ca724,Macarrão funcionário,0.1429,0.1250,true,<0.20
1e77abe1-ca43-408e-9e25-9adc8580be34,VODKA ABSOLUT VANILIA GRF,2SIS COMMERCE,7884,2026-03-30,41ec2654-2558-4165-9d89-dbf6b73ae093,Vodka Absolut Elyx 750ml,0.2857,0.2500,true,0.20-0.40
df9aeb86-1b69-4165-a2ee-9bf5cb275b8f,"BARRIL CHOPP,30L,                        1100,0000",CDD Aracaju,387805,2026-03-30,83f0ed20-ca74-43e6-a800-8c4680518eff,CHOPP,0.2000,0.1429,true,0.20-0.40
2a120be3-62bd-4bc1-84a8-69933aee92b1,"Cerv Heineken Pil 0,60Gfa Rt 24Un",HNK BR Bebidas ltda,418875,2026-03-30,8041bffc-0bc1-4d87-9f27-b75245902f83,Carpaccio - 60g,0.1111,0.1111,true,<0.20
ebbe8cde-8611-46be-8b56-0f04f61811ae,"Cerv Amstel Lager 0,60l Gfa Rt 24un",HNK BR Bebidas ltda,418875,2026-03-30,8041bffc-0bc1-4d87-9f27-b75245902f83,Carpaccio - 60g,0.1111,0.1000,true,<0.20
2f3a36fc-6ffa-4bf2-b307-7e7ac198dd26,"Refr Fys Guarana 0,350lt Des 12un Pbr",HNK BR Bebidas ltda,418875,2026-03-30,9e027fda-c6b4-40a8-874d-6584642f78ba,Guarana Antarctica lata 350ml,0.2727,0.1818,true,0.20-0.40
21dca125-68aa-494e-b28b-dc9234df2835,"CHOPP BRAHMA CLARO BARRIL KEG 30L          11,2080",CDD Aracaju,387804,2026-03-30,83f0ed20-ca74-43e6-a800-8c4680518eff,CHOPP,0.1250,0.1000,true,<0.20
b6b52a14-83ac-4f53-90fb-c39526bbd6d8,DETERGENTE AJU 500ML CX C 24 UNID,ROCHA LATICINIOS E EMBALAGENS,2086,2026-03-31,852a1ba1-fcea-4991-8f85-ad178cf87af0,Cachaça Bananinha 500ml,0.2222,0.1538,true,0.20-0.40
7d1dfe12-582a-4895-b8dd-a52fd864ffa8,ESPONJA VIP UND,ROCHA LATICINIOS E EMBALAGENS,2086,2026-03-31,574249e0-105a-4240-963e-ad62bb6337ee,Polvo por unidade,0.2000,0.1111,true,0.20-0.40
30ed015a-be13-40bf-bc36-33085fde9e56,ALCOOL ETILICO LIQ 70 PINDORAMA 5L,ROCHA LATICINIOS E EMBALAGENS,2086,2026-03-31,054d8eb8-42e1-46d2-b80c-50f38d3154d8,Álcool,0.2000,0.1667,true,0.20-0.40
6c3e8af8-0d16-4528-bc90-93edc00b5e43,LIMPA ALUMINIO POLITRIZ TRADICIONAL 500ML,ROCHA LATICINIOS E EMBALAGENS,2086,2026-03-31,852a1ba1-fcea-4991-8f85-ad178cf87af0,Cachaça Bananinha 500ml,0.2500,0.1667,true,0.20-0.40
15c53187-e2c9-4d45-8121-a8e3a851dbf2,AGUA SANITARIA DRAGAO 12X1L,ROCHA LATICINIOS E EMBALAGENS,2086,2026-03-31,a2e8883b-0af6-4450-b887-8b204983d80a,AGUA TONICA,0.2000,0.1667,true,0.20-0.40
babf0993-72cb-457d-b100-4cd58ac45e8f,LEITE BETANIA 1L C 12UND,ROCHA LATICINIOS E EMBALAGENS,2086,2026-03-31,5b8385a9-15bb-4734-9b65-8abbb37253d7,Leite,0.2500,0.2000,true,0.20-0.40
35432162-1e6a-4f9b-b347-46ed30614b2d,FLOCAO DE MILHO NORDESTINO 500G,ROCHA LATICINIOS E EMBALAGENS,2086,2026-03-31,026befa9-4b9d-444d-93b0-c8bedcfe5728,Xarope de Baunilha,0.1429,0.1429,true,<0.20
7243a1bc-c7fe-41a1-a889-5601e99e3787,TAPIOCA GRANULADA LOANDA 500G,ROCHA LATICINIOS E EMBALAGENS,2086,2026-03-31,bef2203f-ead2-4e4c-8d90-3e29b0cfe545,Tapioca granulada média,0.4000,0.1667,false,0.40-0.60
39639f52-4108-46d3-a5e0-06a4cb9fbf52,FILE DE SALMAO SALAR PREMIUM FRESCO,Central do Salmao industrial e comercio ltda,89354,2026-03-31,d9dfc4be-c730-4d46-b722-62a7b924fae9,creme de leite fresco,0.2500,0.2222,true,0.20-0.40
b2768dfd-30da-47ee-9d49-05a2eb65e0fd,LEITE UHT BETANIA INT TP 1L (CX C/12UN),Fasouto faria souto com ltda,46830,2026-04-01,5b8385a9-15bb-4734-9b65-8abbb37253d7,Leite,0.1250,0.1111,true,<0.20
86abf30c-55ac-4629-be2f-16cc7cf31da3,QUEIJO AZUL TIROLEZ KG (KG),Fasouto faria souto com ltda,46830,2026-04-01,e5a0c0d1-cf0c-4232-9721-e8a2589ec119,Cenoura kg,0.2000,0.2000,true,0.20-0.40
aea50bbb-3bc4-4d5f-9776-a32afa3ec9ca,QUEIJO PARMESAO TIROLEZ KG (KG),Fasouto faria souto com ltda,46830,2026-04-01,5ce6f5d7-4ef6-4a55-b76a-19fd1c0e3110,Parmesao,0.2500,0.2000,true,0.20-0.40
24a4364f-47f9-4e84-9878-bea91a105a04,SAL MOIDO IODADO NEVADO 1KG (UNIDADE),Fasouto faria souto com ltda,46830,2026-04-01,8271985a-fe59-4390-b57c-085573cc6e49,Salmão,0.1667,0.1429,true,<0.20
9841d09d-0d10-446c-9919-1c1ce8e84066,"CREAM CHEESE POLENGHI TRAD 1,5KG BISN",Megga distribuidora ltda,550260,2026-04-01,f299b8dc-1865-40c7-9bf0-86fb1cd4f3f5,cream cheese,0.3333,0.2857,true,0.20-0.40
3465c4d9-017a-4176-b498-21384f7f1c40,OLEO GIRASSOL LIZA 900ML PET,Megga distribuidora ltda,550260,2026-04-01,2a8af4db-7600-4c00-ae10-5bcd85a70ad2,CYNAR 900ml,0.2857,0.2857,true,0.20-0.40
e1fe5b0c-6f4d-4749-92e1-0f1c01705c4b,FARINHA TRIGO FARINA TP1 S/FERM 1KG PCT,Megga distribuidora ltda,550260,2026-04-01,3edba589-9920-4d3d-b9d7-df454cb9c4ff,Farinha de trigo,0.2500,0.2222,true,0.20-0.40
f313b02b-b8d0-4742-9c2c-b7bc05994475,SAL GROSSO IODADO NOTA 10 1KG PCT,Megga distribuidora ltda,550260,2026-04-01,8271985a-fe59-4390-b57c-085573cc6e49,Salmão,0.1429,0.1250,true,<0.20
e32423e3-60fe-42ac-a236-d54f1923d96b,AGUA MINERAL MINALBA PRM C/GAS 300ML GRF VD,Megga distribuidora ltda,550261,2026-04-01,5364765a-b18a-431c-b552-43bea5763726,Agua Sem Gas Minalba,0.3000,0.3000,true,0.20-0.40
f9230324-fa74-4c97-a5d6-2c383bea1d6c,AGUA MINERAL MINALBA PRM S/GAS 300ML GRF VD,Megga distribuidora ltda,550261,2026-04-01,5364765a-b18a-431c-b552-43bea5763726,Agua Sem Gas Minalba,0.3000,0.3000,true,0.20-0.40
cae215c9-d7da-4d94-ac47-0e366ef07948,VODKA ABSOLUT TRAD 1L GRF VD,Megga distribuidora ltda,550261,2026-04-01,41ec2654-2558-4165-9d89-dbf6b73ae093,Vodka Absolut Elyx 750ml,0.2500,0.2000,true,0.20-0.40
27d730bf-eab3-453c-b3b7-094fb33078f6,CERVEJA STELLA ARTOIS 330ML PURE GOLD,Assai atacadista,135443,2026-04-01,0e15c378-3dc0-4f2a-a433-ff57e0cd79c9,Stella Artois Long neck,0.2500,0.2222,true,0.20-0.40
83a83ceb-d1aa-4b90-81c1-594352201967,REFRIG ANTARCTICA 350ML GUARANA,Assai atacadista,135443,2026-04-01,144609e0-aa34-45b4-9cef-67496de932bb,* Excluído * Guaraná Antarctica 350ml,0.6667,0.6667,true,0.60-0.75
5f037838-0148-423c-aa53-7298aeb52b13,REFRIG ANTARCTICA ZERO 350M GUARANA,Assai atacadista,135443,2026-04-01,144609e0-aa34-45b4-9cef-67496de932bb,* Excluído * Guaraná Antarctica 350ml,0.4286,0.4286,true,0.40-0.60
57619998-ca14-49ee-9df3-3646f80be4b0,REFRIG COCA COLA 350ML,Assai atacadista,135443,2026-04-01,0e991162-9e9b-4eb1-9a81-6b33a0de4a1f,Coca-Cola lata 350ml,0.6667,0.5714,true,0.60-0.75
36491231-7d9f-4005-b2f2-70a0cd0e0465,REFRIG PACK COCA COLA 6X350ML S/AC,Assai atacadista,135443,2026-04-01,0e991162-9e9b-4eb1-9a81-6b33a0de4a1f,Coca-Cola lata 350ml,0.5000,0.4444,true,0.40-0.60
ddac5a50-d98c-4df0-b771-f9d5147127ad,REFRIG SCHWEPPES LEVE/AC 350ML CITRUS,Assai atacadista,135443,2026-04-01,ea2187bf-3a93-4070-be72-d8120b80c913,Schweppes Citrus,0.2857,0.2222,true,0.20-0.40
7804610d-6e1f-4488-8049-d629b4d5050b,REFRIG SPRITE 350ML ORIGINAL,Assai atacadista,135443,2026-04-01,72e2f8be-4b44-493e-b7d8-6c692152f473,Sprite lata 350ml,0.5000,0.4286,true,0.40-0.60
11fedde1-e0b1-4568-9386-925ee74e129a,REFRIG SPRITE SEM ACUCAR 350ML,Assai atacadista,135443,2026-04-01,72e2f8be-4b44-493e-b7d8-6c692152f473,Sprite lata 350ml,0.4286,0.3750,true,0.40-0.60
69542775-a24a-4b7d-bf5a-2efbf38be9bc,Mexilhao,Vieiramar alimentos ltda,17988,2026-04-01,d9c5cc93-9fba-461a-bf70-793db80d0197,Mexilhao  - Porção (50g),0.3333,0.0000,false,0.20-0.40
e6f11ed0-ef14-4ad8-a6c8-76d18fba677c,FIBRA BETTACO MULT.125X87 BETT(10X20)9500,COMEL,597469,2026-04-01,81d2ca26-4119-4655-a433-3c6de973866b,H20 Limão,0.1000,0.0833,true,<0.20
bf0a8ae5-78f1-4199-8b13-93b2e9ce772e,CREME DE LEITE CULIN LECO VIGOR 1KG,"Jms comercio de frutas, verduras e cereais ltda",232497,2026-04-01,d9dfc4be-c730-4d46-b722-62a7b924fae9,creme de leite fresco,0.3750,0.3750,true,0.20-0.40
6ee14ac5-8720-4cff-86aa-e409c2de95aa,"QUEIJO COALHO FEDERICCI FORM 3,6KG",Federicci Queijos,394677,2026-04-01,aaaac600-57ce-48ec-b08e-8129121dbe56,QUEIJO COALHO,0.4000,0.1667,false,0.40-0.60
404055b1-9e27-4a01-a162-76bae8d81bda,BACON DEF. EXTRA PALETA DALIA +-5KG,Asa Branca Industrial Comercial e Umportadora ltda,3615868,2026-04-02,ab75d8e8-5aee-4b5a-9229-065426557d3e,* Excluído * Bacon,0.1429,0.1429,true,<0.20
5ac5df46-ad7b-4186-a842-ef2f4d89eef8,IOG.NATURAL DESNATADO VIV VIGOR 150G(12)            CX/12,Asa Branca Industrial Comercial e Umportadora ltda,3615868,2026-04-02,dab19eab-cb59-4453-95f6-07a78b8e8618,Batata Rustica (150 g),0.1000,0.1000,true,<0.20
60e9ded1-5d45-40a3-9e1f-966d3d0e4761,CARNE BOV. CARPACCIO DE LARGATO CONG. CARA PRETA 200G(17),Asa Branca Industrial Comercial e Umportadora ltda,3615868,2026-04-02,c9233ecb-3634-454b-8dfa-82054f4edffb,* Excluído * Hambúrguer de Carne,0.1667,0.1667,true,<0.20
cd26e2aa-ade5-4143-8c6f-3701f8543056,COSTELA SUINA CONG. MY PORK +-20KG,Asa Branca Industrial Comercial e Umportadora ltda,3615868,2026-04-02,e5a0c0d1-cf0c-4232-9721-e8a2589ec119,Cenoura kg,0.1250,0.1250,true,<0.20
42cd8339-a44f-4436-8f95-8ffb02a227ce,"Papel toalha interfolha 22,5x20,5 fl. dupla PT 1 UN",Kalunga SA,65669,2026-04-02,dd824b9e-e39d-49cc-8877-c92b22c4881f,Papel higiênico,0.1000,0.1000,true,<0.20
fda3063d-4f66-411b-b20d-33eb68aadb8a,Papel fotografico 10x15 100g glossy dupla face PT 100 FL,Kalunga SA,65669,2026-04-02,30688e36-2eda-4642-a58c-d7371ec6bdf5,Escalope 100g,0.0909,0.0909,true,<0.20
2ada168d-6f28-42d4-8978-b4aeced5631b,Molhador de dedos 12g 10160001 PT 3 UN,Kalunga SA,65669,2026-04-02,6c00d286-aead-4946-8738-f2ae869b99fc,* Excluído * Disco de Macaxeira (ver quantidade da unidade),0.1538,0.1111,true,<0.20
18f483df-329a-41c0-bee1-323a40a49d58,CGF Shiitake Kg,CASA FUNGHI,3689,2026-04-02,e5a0c0d1-cf0c-4232-9721-e8a2589ec119,Cenoura kg,0.2500,0.2000,true,0.20-0.40
f321a151-1054-4734-aab4-cb14ef23009c,CGF Shiitake 200g bdj,CASA FUNGHI,3689,2026-04-02,d391566d-58d4-43a8-b222-ccdf0b052af1,Salmao 200g,0.2000,0.2000,true,0.20-0.40
bc698e11-8e30-4b59-a15c-f6a8eca33bf1,CG Portobello 200g,CASA FUNGHI,3689,2026-04-02,d391566d-58d4-43a8-b222-ccdf0b052af1,Salmao 200g,0.2500,0.2500,true,0.20-0.40
ac4e03ad-8e16-4610-9af1-cdc70433675a,CANUDO BIO LATA 5MM.C/100 SACHE STRAW(30)067,COMEL,597626,2026-04-02,30688e36-2eda-4642-a58c-d7371ec6bdf5,Escalope 100g,0.1000,0.1000,true,<0.20
f5872f02-cc20-4108-b329-a69a36f71631,CANUDO BIO MEX.CT.C/100 SACHE STRAW(20)883,COMEL,597626,2026-04-02,30688e36-2eda-4642-a58c-d7371ec6bdf5,Escalope 100g,0.1000,0.1000,true,<0.20
1f3bcc17-daa9-4dd0-a329-69806c02ab2b,PAPEL ACOPLADO F/FOOD C/100 EMBAL(04)2504,COMEL,597626,2026-04-02,30688e36-2eda-4642-a58c-d7371ec6bdf5,Escalope 100g,0.1250,0.1250,true,<0.20
6088d4d9-51e6-4a07-b63b-744378139a74,TALENTO 25GR X15 VM.LEIT/AVELA(18)11320209,COMEL,597626,2026-04-02,9ddf3d03-cc9f-4cb3-97d2-a6632fce9597,Plástico filme grande,0.0909,0.0833,true,<0.20
3ac0afc3-a5f9-429d-87d6-3996e4c90e75,SMIRNOFF ICE GARRAFA VD 275ML CX C24,CDD Aracaju,389754,2026-04-03,77612574-389d-4646-81d2-9e052d5592e3,Smirnoff ice,0.2500,0.2222,true,0.20-0.40
913e541c-edb1-4d11-9b7e-2d5cf94ab296,RED BULL MELANCIA LATA 250ML FOUR PACK NPAL,CDD Aracaju,389754,2026-04-03,74a27908-3d6f-47bc-bc5b-80d48aee17a4,Red Bull Melancia,0.3333,0.2222,false,0.20-0.40
59574534-7b83-4fab-b3b7-69fdc7014ef3,RED BULL BR LATA 250ML CX C 24 NPAL .,CDD Aracaju,389754,2026-04-03,8c340959-439c-4675-8a4c-4b5908039c52,Red Bull,0.2222,0.2000,true,0.20-0.40
f1ef110a-b5c0-4dee-9877-31f49b11f371,CORONA EXTRA N LONG NECK 330ML CX C/24 NPAL,CDD Aracaju,389754,2026-04-03,f6c324bf-ef17-4fa8-bca4-2d15a8d5fb64,Corona Extra Long neck,0.3750,0.3333,true,0.20-0.40
3c0751ba-06aa-4a9e-b94d-2a76f31548f9,RED BULL MELANCIA LATA 250ML FOUR PACK NPAL,CDD Aracaju,389754,2026-04-03,74a27908-3d6f-47bc-bc5b-80d48aee17a4,Red Bull Melancia,0.3333,0.2222,false,0.20-0.40
cae34396-9f01-4289-8abd-ad330f80bac9,RED BULL TROPICAL BR LATA 250ML FOUR PACK NPAL .,CDD Aracaju,389754,2026-04-03,88ffd094-48e6-417f-a9a7-3cce32f28fd9,Red Bull Tropical,0.3000,0.2000,true,0.20-0.40
ef743ef7-f6eb-43e2-a356-610cba3e2b38,H2OH LIMONETO PET 500ML SHRINK C/12 NPAL,CDD Aracaju,389754,2026-04-03,852a1ba1-fcea-4991-8f85-ad178cf87af0,Cachaça Bananinha 500ml,0.2000,0.1429,true,0.20-0.40
e4dbc93d-aa1d-454b-981f-e86f50f9379a,RED BULL TROPICAL BR LATA 250ML FOUR PACK NPAL .,CDD Aracaju,389754,2026-04-03,88ffd094-48e6-417f-a9a7-3cce32f28fd9,Red Bull Tropical,0.3000,0.2000,true,0.20-0.40
9ac900a9-4433-4036-b0f8-b7f114f0c08f,GUARANA CHP ANTARCTICA LATA 350ML SH C/12 NPAL,CDD Aracaju,389754,2026-04-03,9e027fda-c6b4-40a8-874d-6584642f78ba,Guarana Antarctica lata 350ml,0.5556,0.4000,false,0.40-0.60
7065242c-910f-4d4a-b9a0-04f270b1da5a,"CHOPP BRAHMA CLARO BARRIL KEG 30L          13,7590",CDD Aracaju,389753,2026-04-03,83f0ed20-ca74-43e6-a800-8c4680518eff,CHOPP,0.1250,0.1000,true,<0.20
8837bc88-afb4-46b6-86b3-e047b7ae269f,LAVA ROUPA PO TIXAN SC 400G PRIMAV,Assai atacadista,104378,2026-04-11,a6e6d343-ef57-489d-bc9e-7ef522349231,leite em po,0.1111,0.1111,true,<0.20
cf188c65-1932-449c-9f7f-b7a5469eb69d,"LING T CALAB DEF PERDIGAO 2,5KG RET",Assai atacadista,104378,2026-04-11,e5a0c0d1-cf0c-4232-9721-e8a2589ec119,Cenoura kg,0.1429,0.1250,true,<0.20
9c05723f-d343-456a-832d-d66f9c3ea7d2,QJ T PARM DAVACA KG,Assai atacadista,104378,2026-04-11,e5a0c0d1-cf0c-4232-9721-e8a2589ec119,Cenoura kg,0.2000,0.2000,true,0.20-0.40
066d9b6a-7c34-4211-9a35-7502b581e484,QJ T REINO QUATA KG,Assai atacadista,104378,2026-04-11,23dc984e-032e-4be8-8668-05fe486264cf,queijo do reino,0.4000,0.3333,true,0.40-0.60
a94d77c3-9e66-48f1-9dba-33cb9e27aad8,RODO C/ CABO ALKLIN DEC 40CM,Assai atacadista,104378,2026-04-11,35d18044-4d97-4433-80ee-4dee129ad0c7,Tomate cereja  - 40g,0.1250,0.0833,true,<0.20
cad6c792-352d-4a4d-8672-3fd780685697,SACO ALGOBOM 49CMX68CM XADREZ,Assai atacadista,104378,2026-04-11,68aa7906-0a99-4fdd-8840-2aa5e038524b,Saco de porcionamento médio,0.1000,0.1000,true,<0.20
aad5b93d-18c1-4494-b96c-0697ea6e5eff,TOALHA PAPEL SCALA C/2RL,Assai atacadista,104378,2026-04-11,dd824b9e-e39d-49cc-8877-c92b22c4881f,Papel higiênico,0.2000,0.2000,true,0.20-0.40
ef7dcaa2-de09-4adc-a73d-5724b45d947d,VINHO NAC CHALISE 750ML TTO SECO,Assai atacadista,104378,2026-04-11,28fc6a1a-b541-450f-a9ea-74e1b4ed0ea3,Vinho Tinto Paulo Laureano Classico Portugues 750ml,0.3636,0.3000,true,0.20-0.40
71f65489-9a24-4db2-b7b3-af68962f1da2,"OLEO MISTO STA ISABEL 5,02L",Assai atacadista,136479,2026-04-12,2dc323c7-7b96-4884-a5fb-9e57281b7e7c,oleo de soja,0.1429,0.1429,true,<0.20